reward,throughput_reward,equity_penalty,equity_gap_steps,safety_violation_rate,filter_block_rate,discharged,method,seed,episode
163.56703415489483,164.9721141358642,1.4050799809693504,0.22173990393168475,0.20833333333333334,0.0,765,HC-MARL-Phase2(lambda=2.5),0,0
154.0570155993498,155.8031874846841,1.74617188533429,0.1750667233976715,0.2916666666666667,0.16666666666666666,778,HC-MARL-Phase2(lambda=2.5),0,1
179.4568047462468,180.5283867806245,1.071582034377686,0.13419513696522,0.21875,0.0,785,HC-MARL-Phase2(lambda=2.5),0,2
159.84055092811602,160.73946176372652,0.8989108356105215,0.21890478174327638,0.21875,0.16666666666666666,791,HC-MARL-Phase2(lambda=2.5),0,3
157.0700351511253,157.90821339148772,0.8381782403624383,0.11056637732240948,0.4479166666666667,0.16666666666666666,833,HC-MARL-Phase2(lambda=2.5),0,4
162.74245821873203,163.92649072977244,1.1840325110404273,0.2120805782894838,0.14583333333333334,0.0,747,HC-MARL-Phase2(lambda=2.5),0,5
180.76924248747503,182.00035255529647,1.2311100678214364,0.19870055103215728,0.20833333333333334,0.3333333333333333,800,HC-MARL-Phase2(lambda=2.5),0,6
172.1359782701121,174.2294492376354,2.0934709675233014,0.3583448275862068,0.3958333333333333,0.3333333333333333,823,HC-MARL-Phase2(lambda=2.5),0,7
167.0209276136606,168.99937334530787,1.9784457316472701,0.34312839059674505,0.3229166666666667,0.0,737,HC-MARL-Phase2(lambda=2.5),0,8
170.231908149055,171.02136506303032,0.7894569139753272,0.11163099439821261,0.2708333333333333,0.3333333333333333,732,HC-MARL-Phase2(lambda=2.5),0,9
172.75159479103556,174.53066840669982,1.7790736156642661,0.32041062801932363,0.375,0.16666666666666666,759,HC-MARL-Phase2(lambda=2.5),0,10
164.3213190939215,165.27542647711763,0.9541073831961351,0.13251879699248115,0.1875,0.0,766,HC-MARL-Phase2(lambda=2.5),0,11
172.9182626023369,175.60742080426544,2.689158201928529,0.3215272366650138,0.3854166666666667,0.3333333333333333,798,HC-MARL-Phase2(lambda=2.5),0,12
166.76497779146868,167.88921542645903,1.1242376349903371,0.2163557111852784,0.3854166666666667,0.16666666666666666,806,HC-MARL-Phase2(lambda=2.5),0,13
176.60790577307924,177.64642637032725,1.0385205972480158,0.13746770025839788,0.3541666666666667,0.16666666666666666,818,HC-MARL-Phase2(lambda=2.5),0,14
173.85635386889717,175.39619887680345,1.5398450079062784,0.2754529014245376,0.4791666666666667,0.5,809,HC-MARL-Phase2(lambda=2.5),0,15
158.3235714314885,160.7473110059875,2.423739574499028,0.36125690607734806,0.16666666666666666,0.0,745,HC-MARL-Phase2(lambda=2.5),0,16
167.67323036632004,168.9173126119236,1.2440822456035434,0.2820155578776269,0.041666666666666664,0.0,820,HC-MARL-Phase2(lambda=2.5),0,17
173.01908302140546,173.45681449785167,0.43773147644619287,0.09412550066755676,0.3645833333333333,0.16666666666666666,802,HC-MARL-Phase2(lambda=2.5),0,18
165.67053400095148,166.43352675102673,0.7629927500752453,0.11555815508021394,0.09375,0.0,785,HC-MARL-Phase2(lambda=2.5),0,19
154.42705949301381,156.29267709006677,1.865617597052951,0.30404341926729983,0.2708333333333333,0.0,778,HC-MARL-Phase2(lambda=2.5),0,20
171.70389612807068,172.48324548284904,0.7793493547783686,0.10234860528978179,0.17708333333333334,0.0,770,HC-MARL-Phase2(lambda=2.5),0,21
160.66519800964147,162.0881098150216,1.4229118053801193,0.26405492342407216,0.21875,0.0,810,HC-MARL-Phase2(lambda=2.5),0,22
163.99316493216665,165.19141556342075,1.198250631254104,0.24376309274423913,0.375,0.3333333333333333,773,HC-MARL-Phase2(lambda=2.5),0,23
168.8161738827911,169.7785677330066,0.9623938502155017,0.1507496163380947,0.11458333333333333,0.0,822,HC-MARL-Phase2(lambda=2.5),0,24
165.6702162650446,166.73488888562417,1.0646726205795733,0.24128860900484086,0.020833333333333332,0.0,789,HC-MARL-Phase2(lambda=2.5),0,25
174.19782273636744,174.67395613590818,0.47613339954073797,0.0796365110465509,0.22916666666666666,0.3333333333333333,773,HC-MARL-Phase2(lambda=2.5),0,26
169.739183016646,171.31400179563298,1.5748187789869827,0.2378766537552191,0.2916666666666667,0.0,806,HC-MARL-Phase2(lambda=2.5),0,27
164.68746800844124,166.89280648979496,2.2053384813537273,0.31894370651486403,0.4895833333333333,0.3333333333333333,834,HC-MARL-Phase2(lambda=2.5),0,28
172.73089497064714,174.06432329850082,1.3334283278536816,0.1751072961373391,0.2708333333333333,0.3333333333333333,774,HC-MARL-Phase2(lambda=2.5),0,29
160.87301852420202,163.42569045030987,2.552671926107848,0.3180702316149002,0.3958333333333333,0.3333333333333333,822,HC-MARL-Phase2(lambda=2.5),0,30
162.76905832537503,164.61754200454538,1.8484836791703685,0.37509214212000586,0.3020833333333333,0.16666666666666666,758,HC-MARL-Phase2(lambda=2.5),0,31
174.55472508018286,175.818664305251,1.2639392250681287,0.19299692172383467,0.20833333333333334,0.16666666666666666,796,HC-MARL-Phase2(lambda=2.5),0,32
164.1161016980124,165.5796838259773,1.4635821279649113,0.2586981164980816,0.28125,0.3333333333333333,834,HC-MARL-Phase2(lambda=2.5),0,33
173.08959144508205,174.3819392049273,1.2923477598452529,0.29164794007490635,0.40625,0.3333333333333333,815,HC-MARL-Phase2(lambda=2.5),0,34
171.59139540737007,172.73199230916137,1.140596901791298,0.16032769272092395,0.28125,0.16666666666666666,768,HC-MARL-Phase2(lambda=2.5),0,35
176.15321811856163,177.30001749578926,1.1467993772276504,0.12338501291989662,0.4479166666666667,0.16666666666666666,825,HC-MARL-Phase2(lambda=2.5),0,36
165.5566425445483,168.42072981348724,2.8640872689389356,0.40610597140454163,0.1875,0.0,742,HC-MARL-Phase2(lambda=2.5),0,37
173.37836243543708,174.3723049293805,0.9939424939434266,0.19890070375507274,0.4895833333333333,0.5,838,HC-MARL-Phase2(lambda=2.5),0,38
168.2577148408135,169.43739613434312,1.179681293529636,0.1789282470481381,0.125,0.0,773,HC-MARL-Phase2(lambda=2.5),0,39
159.59924816772698,161.68472388035073,2.0854757126237446,0.32628985290823564,0.15625,0.0,714,HC-MARL-Phase2(lambda=2.5),0,40
157.3198125304743,158.75025175074325,1.4304392202689384,0.23112025769506087,0.14583333333333334,0.0,753,HC-MARL-Phase2(lambda=2.5),0,41
158.05042528657904,159.22370339812102,1.1732781115419892,0.16152719755372758,0.2604166666666667,0.16666666666666666,793,HC-MARL-Phase2(lambda=2.5),0,42
162.63196563978207,164.25336171589845,1.6213960761163781,0.19759945334085982,0.19791666666666666,0.16666666666666666,752,HC-MARL-Phase2(lambda=2.5),0,43
155.84782512976855,157.30410036836136,1.4562752385928062,0.21350885441153428,0.25,0.16666666666666666,779,HC-MARL-Phase2(lambda=2.5),0,44
161.50818379422023,162.72053284148484,1.2123490472646044,0.24188004479975278,0.14583333333333334,0.0,784,HC-MARL-Phase2(lambda=2.5),0,45
163.8311375968218,165.02201600686894,1.1908784100471395,0.22807668521954236,0.25,0.0,773,HC-MARL-Phase2(lambda=2.5),0,46
176.60874428377812,178.8070800747782,2.198335791000098,0.2948593989203126,0.5104166666666666,0.16666666666666666,863,HC-MARL-Phase2(lambda=2.5),0,47
172.25246572584334,173.85275226901578,1.6002865431724345,0.32916442048517514,0.3125,0.16666666666666666,788,HC-MARL-Phase2(lambda=2.5),0,48
163.4756531322252,164.90550105531725,1.4298479230920424,0.2284920674640909,0.13541666666666666,0.0,785,HC-MARL-Phase2(lambda=2.5),0,49
161.55087772328247,162.77389208100118,1.223014357718721,0.24060227389122196,0.25,0.0,777,HC-MARL-Phase2(lambda=2.5),0,50
162.86175526961387,164.92393017113608,2.06217490152221,0.31630359612724757,0.23958333333333334,0.0,751,HC-MARL-Phase2(lambda=2.5),0,51
173.09389300362338,174.68944224119468,1.5955492375713054,0.38087757313109427,0.4895833333333333,0.5,812,HC-MARL-Phase2(lambda=2.5),0,52
166.65880739655842,168.78405327480138,2.125245878242964,0.34044570886676156,0.2708333333333333,0.16666666666666666,759,HC-MARL-Phase2(lambda=2.5),0,53
168.99549256716008,170.76402140107058,1.7685288339104845,0.22747502270663034,0.23958333333333334,0.3333333333333333,777,HC-MARL-Phase2(lambda=2.5),0,54
173.66592422757557,174.5230766868151,0.8571524592395325,0.110879262722123,0.46875,0.3333333333333333,819,HC-MARL-Phase2(lambda=2.5),0,55
162.1418718565731,164.491134976135,2.3492631195618836,0.315398293029872,0.010416666666666666,0.0,760,HC-MARL-Phase2(lambda=2.5),0,56
166.3085019526393,167.16112908587795,0.8526271332386526,0.14007940259003682,0.3125,0.16666666666666666,821,HC-MARL-Phase2(lambda=2.5),0,57
166.2528570127859,167.7979141332953,1.5450571205093975,0.23913346336026753,0.2708333333333333,0.0,801,HC-MARL-Phase2(lambda=2.5),0,58
159.63260658688665,161.25926045273954,1.62665386585289,0.298680305278779,0.20833333333333334,0.0,752,HC-MARL-Phase2(lambda=2.5),0,59
173.04127053183328,174.30488507407628,1.2636145422430136,0.2723232858061344,0.3020833333333333,0.16666666666666666,786,HC-MARL-Phase2(lambda=2.5),0,60
171.38736694107362,173.43746151681142,2.050094575737801,0.4361803713527852,0.1875,0.16666666666666666,757,HC-MARL-Phase2(lambda=2.5),0,61
172.83899530152962,173.8815499859617,1.0425546844320712,0.3047249907715024,0.15625,0.0,809,HC-MARL-Phase2(lambda=2.5),0,62
166.89067213302587,168.00675965181193,1.1160875187860697,0.14448275862068966,0.21875,0.0,766,HC-MARL-Phase2(lambda=2.5),0,63
157.27863184201794,158.53116802723417,1.252536185216224,0.15484735795208854,0.0625,0.0,772,HC-MARL-Phase2(lambda=2.5),0,64
156.8032409522584,158.8479524395023,2.0447114872439234,0.4227169238552998,0.16666666666666666,0.0,775,HC-MARL-Phase2(lambda=2.5),0,65
165.31425963449695,167.0888224133968,1.7745627788998548,0.2699586646647759,0.375,0.16666666666666666,758,HC-MARL-Phase2(lambda=2.5),0,66
167.146909442312,168.88815568654775,1.741246244235749,0.19094710294020045,0.2708333333333333,0.16666666666666666,794,HC-MARL-Phase2(lambda=2.5),0,67
167.93989464287256,169.54229744627577,1.6024028034032116,0.271028971028971,0.3125,0.16666666666666666,804,HC-MARL-Phase2(lambda=2.5),0,68
165.7529277260743,166.80052001945427,1.0475922933799684,0.164414794798176,0.20833333333333334,0.0,797,HC-MARL-Phase2(lambda=2.5),0,69
171.3519878616373,172.29718870277296,0.9452008411356561,0.13555525810913305,0.375,0.3333333333333333,811,HC-MARL-Phase2(lambda=2.5),0,70
171.17652069603778,172.30090124453906,1.1243805485012777,0.20717285587975243,0.34375,0.3333333333333333,834,HC-MARL-Phase2(lambda=2.5),0,71
165.97673266638603,167.5531622745907,1.5764296082046814,0.2161848862802641,0.28125,0.16666666666666666,789,HC-MARL-Phase2(lambda=2.5),0,72
177.4665620187681,178.9333790650355,1.4668170462674177,0.19453500343170899,0.23958333333333334,0.3333333333333333,795,HC-MARL-Phase2(lambda=2.5),0,73
170.7530829099631,171.53938741962065,0.7863045096575655,0.15063203406053005,0.40625,0.5,809,HC-MARL-Phase2(lambda=2.5),0,74
171.06902426211434,172.79925597020792,1.7302317080935907,0.22647299898972567,0.23958333333333334,0.0,803,HC-MARL-Phase2(lambda=2.5),0,75
172.7483858979336,173.65995329446952,0.9115673965359289,0.15293189327809836,0.28125,0.16666666666666666,766,HC-MARL-Phase2(lambda=2.5),0,76
167.47716088597008,169.1439504110441,1.666789525074027,0.31313355530891596,0.17708333333333334,0.0,811,HC-MARL-Phase2(lambda=2.5),0,77
175.3266695738055,176.48372724497725,1.1570576711717502,0.1905921052631579,0.19791666666666666,0.16666666666666666,835,HC-MARL-Phase2(lambda=2.5),0,78
169.89471291051865,172.02668721125417,2.1319743007355125,0.34052446607191134,0.3541666666666667,0.16666666666666666,759,HC-MARL-Phase2(lambda=2.5),0,79
169.50186558205803,170.75255928454075,1.2506937024827327,0.18778110944527737,0.22916666666666666,0.0,797,HC-MARL-Phase2(lambda=2.5),0,80
166.84046919355094,167.20130892220095,0.360839728650018,0.08478357875948239,0.2916666666666667,0.0,791,HC-MARL-Phase2(lambda=2.5),0,81
179.75247317882858,181.55745882793676,1.8049856491081893,0.3103448275862069,0.23958333333333334,0.3333333333333333,770,HC-MARL-Phase2(lambda=2.5),0,82
165.1179104152587,166.57719993413883,1.4592895188801236,0.20448528565399227,0.2916666666666667,0.16666666666666666,830,HC-MARL-Phase2(lambda=2.5),0,83
160.84027948879245,161.8692471621516,1.0289676733591429,0.16493620538250942,0.15625,0.16666666666666666,746,HC-MARL-Phase2(lambda=2.5),0,84
164.95031204406465,165.5253192885546,0.5750072444899532,0.11459543166860242,0.03125,0.0,736,HC-MARL-Phase2(lambda=2.5),0,85
173.91950381680206,176.05761524829032,2.1381114314882415,0.3177706508778422,0.28125,0.3333333333333333,819,HC-MARL-Phase2(lambda=2.5),0,86
168.77144714011362,170.54375350109615,1.7723063609825145,0.3306248597991077,0.4583333333333333,0.3333333333333333,887,HC-MARL-Phase2(lambda=2.5),0,87
170.5912197705838,172.17151827171705,1.5802985011332427,0.2819593787335723,0.25,0.3333333333333333,825,HC-MARL-Phase2(lambda=2.5),0,88
152.9505155437098,154.64684256753523,1.6963270238254344,0.20068634179821543,0.4166666666666667,0.3333333333333333,779,HC-MARL-Phase2(lambda=2.5),0,89
162.20463750348847,164.11567713933812,1.9110396358496553,0.3197042192257503,0.3854166666666667,0.16666666666666666,806,HC-MARL-Phase2(lambda=2.5),0,90
162.92666465308557,164.64342173349525,1.7167570804096777,0.19603714036429437,0.0625,0.0,757,HC-MARL-Phase2(lambda=2.5),0,91
166.64389354566802,168.29955107598795,1.6556575303199397,0.27027460198739184,0.22916666666666666,0.0,795,HC-MARL-Phase2(lambda=2.5),0,92
164.75611629809717,166.28346717223567,1.527350874138504,0.3475653807253287,0.2604166666666667,0.16666666666666666,831,HC-MARL-Phase2(lambda=2.5),0,93
170.87172893135653,172.57351395551473,1.7017850241581884,0.298550071369544,0.2604166666666667,0.0,815,HC-MARL-Phase2(lambda=2.5),0,94
175.6655171104214,177.93435785022268,2.2688407398012758,0.3160438014868394,0.4791666666666667,0.5,793,HC-MARL-Phase2(lambda=2.5),0,95
164.51694995352904,165.21473693961693,0.6977869860879015,0.12545787545787546,0.15625,0.0,763,HC-MARL-Phase2(lambda=2.5),0,96
159.27514458453172,161.00433198262445,1.7291873980927406,0.3627428307123034,0.3229166666666667,0.16666666666666666,819,HC-MARL-Phase2(lambda=2.5),0,97
165.00451943711946,166.38699088773316,1.382471450613703,0.3111111111111111,0.4583333333333333,0.3333333333333333,820,HC-MARL-Phase2(lambda=2.5),0,98
161.75831411193943,162.55186386326093,0.793549751321498,0.10526315789473684,0.020833333333333332,0.0,754,HC-MARL-Phase2(lambda=2.5),0,99
172.58261524376772,174.0311575258584,1.4485422820906693,0.20957142857142852,0.4166666666666667,0.3333333333333333,803,HC-MARL-Phase2(lambda=2.5),0,100
174.62949314700037,175.13922479889393,0.5097316518935674,0.1162886774175167,0.4583333333333333,0.16666666666666666,819,HC-MARL-Phase2(lambda=2.5),0,101
166.85383976280232,168.85887927603872,2.005039513236386,0.25555555555555554,0.16666666666666666,0.16666666666666666,758,HC-MARL-Phase2(lambda=2.5),0,102
164.60158562807902,166.0897686401575,1.4881830120784778,0.233922521726322,0.08333333333333333,0.0,752,HC-MARL-Phase2(lambda=2.5),0,103
165.85607254795218,167.24685328152242,1.3907807335702407,0.27724358974358976,0.15625,0.0,785,HC-MARL-Phase2(lambda=2.5),0,104
168.58289490572415,169.5022687078144,0.9193738020902618,0.1469185943846018,0.3333333333333333,0.0,848,HC-MARL-Phase2(lambda=2.5),0,105
168.50222236258685,170.6350107575747,2.132788394987843,0.3994143767295193,0.25,0.16666666666666666,786,HC-MARL-Phase2(lambda=2.5),0,106
162.04986821147844,164.0154197945515,1.9655515830730474,0.37888867525475867,0.5833333333333334,0.5,860,HC-MARL-Phase2(lambda=2.5),0,107
167.50667020708437,168.64786688608092,1.1411966789965575,0.15731562252180809,0.40625,0.16666666666666666,856,HC-MARL-Phase2(lambda=2.5),0,108
168.72075411635888,170.1629510927912,1.4421969764323108,0.24923509468287441,0.13541666666666666,0.0,749,HC-MARL-Phase2(lambda=2.5),0,109
168.5564260386865,169.61396161550044,1.057535576813936,0.16891418972516448,0.5208333333333334,0.5,834,HC-MARL-Phase2(lambda=2.5),0,110
169.81920910678187,170.8036570540874,0.9844479473055417,0.130952380952381,0.23958333333333334,0.0,813,HC-MARL-Phase2(lambda=2.5),0,111
167.39321117721443,169.4471709287015,2.0539597514870613,0.31084010840108395,0.3125,0.0,808,HC-MARL-Phase2(lambda=2.5),0,112
171.49850738066226,171.8347517263868,0.3362443457245426,0.05261645493042949,0.28125,0.16666666666666666,794,HC-MARL-Phase2(lambda=2.5),0,113
162.8741429684559,165.01059703368526,2.1364540652293558,0.5624109052031361,0.10416666666666667,0.0,741,HC-MARL-Phase2(lambda=2.5),0,114
168.65694576787422,169.4685190789603,0.8115733110860924,0.1170455029157621,0.19791666666666666,0.16666666666666666,787,HC-MARL-Phase2(lambda=2.5),0,115
167.1393258111687,170.20843395489095,3.0691081437222545,0.6258513931888545,0.34375,0.0,804,HC-MARL-Phase2(lambda=2.5),0,116
163.27246927703735,165.15658825428287,1.8841189772455191,0.3264588704007499,0.3229166666666667,0.0,792,HC-MARL-Phase2(lambda=2.5),0,117
174.29495116978748,176.70854247410475,2.413591304317272,0.33857322350970276,0.20833333333333334,0.16666666666666666,787,HC-MARL-Phase2(lambda=2.5),0,118
168.25237425419294,169.47851923875916,1.2261449845662267,0.24054077179772398,0.2708333333333333,0.0,771,HC-MARL-Phase2(lambda=2.5),0,119
167.10101738832643,168.278921834959,1.1779044466325705,0.16332263242375605,0.25,0.16666666666666666,768,HC-MARL-Phase2(lambda=2.5),0,120
174.10265458228096,176.59099208415614,2.4883375018751757,0.32923552014332524,0.4791666666666667,0.5,787,HC-MARL-Phase2(lambda=2.5),0,121
172.42892782730704,173.185082613465,0.7561547861579581,0.1476664634559371,0.10416666666666667,0.0,800,HC-MARL-Phase2(lambda=2.5),0,122
168.23577088185897,169.6682582246185,1.4324873427595475,0.26609848484848486,0.28125,0.16666666666666666,741,HC-MARL-Phase2(lambda=2.5),0,123
167.84499351486022,170.14516276937712,2.3001692545168893,0.28092813466322564,0.11458333333333333,0.16666666666666666,780,HC-MARL-Phase2(lambda=2.5),0,124
154.0734276650738,155.05309478919767,0.9796671241238618,0.2437062937062937,0.09375,0.0,753,HC-MARL-Phase2(lambda=2.5),0,125
163.10291365600025,165.23848948165596,2.135575825655715,0.37565139263252467,0.3229166666666667,0.5,855,HC-MARL-Phase2(lambda=2.5),0,126
169.5634668768066,170.012672516411,0.44920563960441084,0.05450148809523814,0.1875,0.0,792,HC-MARL-Phase2(lambda=2.5),0,127
170.45038564129558,172.0751824074618,1.6247967661662222,0.29970734562481716,0.2708333333333333,0.0,818,HC-MARL-Phase2(lambda=2.5),0,128
169.58761348418042,171.8740868363662,2.286473352185779,0.386964886964887,0.25,0.16666666666666666,754,HC-MARL-Phase2(lambda=2.5),0,129
175.01052569867124,176.24211063202443,1.2315849333531839,0.1743659420289856,0.4166666666666667,0.5,784,HC-MARL-Phase2(lambda=2.5),0,130
160.577750804333,163.42285515546547,2.8451043511324707,0.419034999543087,0.1875,0.16666666666666666,754,HC-MARL-Phase2(lambda=2.5),0,131
171.49172712626572,172.38938658227434,0.8976594560086214,0.18716952139919557,0.5625,0.5,813,HC-MARL-Phase2(lambda=2.5),0,132
169.66977097079055,171.40014893603131,1.7303779652407658,0.3046468218882012,0.14583333333333334,0.0,805,HC-MARL-Phase2(lambda=2.5),0,133
173.7234183714832,175.0512509794128,1.327832607929595,0.2273401572466993,0.1875,0.0,787,HC-MARL-Phase2(lambda=2.5),0,134
168.648486842111,170.81962561341794,2.1711387713069383,0.22156930521949536,0.25,0.16666666666666666,801,HC-MARL-Phase2(lambda=2.5),0,135
164.03564212558345,165.36390659048558,1.3282644649021207,0.28025695426685526,0.15625,0.0,734,HC-MARL-Phase2(lambda=2.5),0,136
167.6808099583004,169.25742016323366,1.576610204933274,0.2815418421534518,0.3020833333333333,0.0,794,HC-MARL-Phase2(lambda=2.5),0,137
174.09654659809158,174.98750963003286,0.8909630319412842,0.2319500826943317,0.3541666666666667,0.16666666666666666,776,HC-MARL-Phase2(lambda=2.5),0,138
162.6278057376142,163.72661452518065,1.0988087875664299,0.15304939881211066,0.15625,0.0,724,HC-MARL-Phase2(lambda=2.5),0,139
173.21350239670923,174.01728799132113,0.8037855946118977,0.10640170465073184,0.3854166666666667,0.16666666666666666,822,HC-MARL-Phase2(lambda=2.5),0,140
162.65704634237608,163.89753234510584,1.2404860027297748,0.20597282748013324,0.03125,0.0,757,HC-MARL-Phase2(lambda=2.5),0,141
174.6650715183408,176.28376187905738,1.6186903607165937,0.34316295325469637,0.2604166666666667,0.3333333333333333,817,HC-MARL-Phase2(lambda=2.5),0,142
162.30235397814678,163.81032532998478,1.50797135183799,0.28182673518129836,0.28125,0.3333333333333333,733,HC-MARL-Phase2(lambda=2.5),0,143
166.04900670302493,167.26258243390592,1.2135757308809803,0.16165912283439987,0.21875,0.0,762,HC-MARL-Phase2(lambda=2.5),0,144
172.3885232638985,172.8021060443255,0.4135827804270277,0.09762680108845967,0.2708333333333333,0.0,808,HC-MARL-Phase2(lambda=2.5),0,145
174.15530361397452,175.25836042225748,1.1030568082829453,0.12243323576793047,0.25,0.16666666666666666,799,HC-MARL-Phase2(lambda=2.5),0,146
166.9281891800822,168.6076482444097,1.6794590643274847,0.23611111111111113,0.19791666666666666,0.0,770,HC-MARL-Phase2(lambda=2.5),0,147
172.34786824724222,173.21188618979053,0.8640179425483201,0.15026960267494044,0.125,0.16666666666666666,785,HC-MARL-Phase2(lambda=2.5),0,148
168.23126712040664,168.93294970015486,0.7016825797482282,0.14452407896391306,0.3958333333333333,0.3333333333333333,768,HC-MARL-Phase2(lambda=2.5),0,149
167.72526135095404,170.03797065285482,2.312709301900794,0.2497769848349688,0.4166666666666667,0.3333333333333333,798,HC-MARL-Phase2(lambda=2.5),0,150
178.86028955923143,180.35733690415194,1.4970473449204906,0.2930952719685114,0.3229166666666667,0.0,801,HC-MARL-Phase2(lambda=2.5),0,151
170.9626452611763,173.11699573211925,2.154350470942933,0.36868351063829785,0.46875,0.3333333333333333,808,HC-MARL-Phase2(lambda=2.5),0,152
168.67838937430656,170.18012559954286,1.5017362252363133,0.3268830485601225,0.4270833333333333,0.16666666666666666,814,HC-MARL-Phase2(lambda=2.5),0,153
165.14111147255605,165.87999780856399,0.7388863360079436,0.12046111320517655,0.4791666666666667,0.16666666666666666,801,HC-MARL-Phase2(lambda=2.5),0,154
169.996977477585,171.07340752963086,1.076430052045855,0.21469954881050046,0.4895833333333333,0.5,807,HC-MARL-Phase2(lambda=2.5),0,155
165.65690198892725,166.89212477550083,1.2352227865735959,0.2134545990131821,0.2604166666666667,0.16666666666666666,801,HC-MARL-Phase2(lambda=2.5),0,156
170.53816467953493,172.3653234852093,1.8271588056743726,0.2083868207103124,0.2604166666666667,0.16666666666666666,831,HC-MARL-Phase2(lambda=2.5),0,157
172.1523806155472,174.28063302755348,2.1282524120062893,0.36184780367085995,0.3229166666666667,0.3333333333333333,807,HC-MARL-Phase2(lambda=2.5),0,158
166.89282573203204,168.0388245625204,1.1459988304883577,0.15658564160542682,0.16666666666666666,0.0,799,HC-MARL-Phase2(lambda=2.5),0,159
169.58726997336305,171.1948494145871,1.6075794412240663,0.21489795258272146,0.14583333333333334,0.16666666666666666,782,HC-MARL-Phase2(lambda=2.5),0,160
162.4566940608184,165.0626151789387,2.6059211181202935,0.546917050415645,0.14583333333333334,0.0,767,HC-MARL-Phase2(lambda=2.5),0,161
175.39783376072225,176.99869263089855,1.6008588701763036,0.29751655629139073,0.3958333333333333,0.16666666666666666,814,HC-MARL-Phase2(lambda=2.5),0,162
169.68087692264157,170.73514896809928,1.0542720454576937,0.15196949942712656,0.3229166666666667,0.0,771,HC-MARL-Phase2(lambda=2.5),0,163
170.75237462094404,171.72428680692636,0.9719121859823197,0.23725274369516658,0.25,0.3333333333333333,816,HC-MARL-Phase2(lambda=2.5),0,164
171.78422398425664,174.1570014630193,2.372777478762648,0.413124533929903,0.16666666666666666,0.16666666666666666,809,HC-MARL-Phase2(lambda=2.5),0,165
159.83961797724135,161.30653346549627,1.4669154882549187,0.3753501400560225,0.28125,0.3333333333333333,813,HC-MARL-Phase2(lambda=2.5),0,166
177.3100930384956,178.49080109380756,1.1807080553119513,0.21285860655737704,0.11458333333333333,0.0,822,HC-MARL-Phase2(lambda=2.5),0,167
166.73747947295658,168.60629724034138,1.8688177673847939,0.3140186915887851,0.2708333333333333,0.0,797,HC-MARL-Phase2(lambda=2.5),0,168
163.6511200114862,164.58364532501832,0.9325253135321188,0.12146809728603092,0.22916666666666666,0.16666666666666666,783,HC-MARL-Phase2(lambda=2.5),0,169
183.65757202634552,184.72804954243406,1.070477516088547,0.13571428571428568,0.4791666666666667,0.5,784,HC-MARL-Phase2(lambda=2.5),0,170
168.25559539625843,169.8656910093068,1.6100956130483688,0.21784776902887137,0.28125,0.0,808,HC-MARL-Phase2(lambda=2.5),0,171
169.50917304453284,170.42580324495765,0.9166302004248057,0.16084604033448108,0.09375,0.0,804,HC-MARL-Phase2(lambda=2.5),0,172
173.12124229826412,174.64105836973482,1.5198160714706996,0.28507354714251265,0.13541666666666666,0.16666666666666666,770,HC-MARL-Phase2(lambda=2.5),0,173
172.98182968446136,174.34554894924472,1.3637192647833594,0.15962346477052358,0.23958333333333334,0.16666666666666666,772,HC-MARL-Phase2(lambda=2.5),0,174
163.82426168672188,165.92394885444264,2.099687167720747,0.3159420289855073,0.21875,0.16666666666666666,768,HC-MARL-Phase2(lambda=2.5),0,175
177.36996484610648,179.18000057991543,1.8100357338089432,0.19658547436325213,0.3125,0.16666666666666666,768,HC-MARL-Phase2(lambda=2.5),0,176
169.14192329644163,170.43345725761162,1.2915339611699777,0.14779953643171284,0.16666666666666666,0.0,787,HC-MARL-Phase2(lambda=2.5),0,177
163.0171674967116,165.1456539268172,2.1284864301055917,0.301847389558233,0.25,0.0,785,HC-MARL-Phase2(lambda=2.5),0,178
162.05192481991642,165.23172266050943,3.1797978405930167,0.6530548068283918,0.03125,0.0,748,HC-MARL-Phase2(lambda=2.5),0,179
173.66024734425764,175.5597510087951,1.8995036645374508,0.21300138312586442,0.14583333333333334,0.0,744,HC-MARL-Phase2(lambda=2.5),0,180
178.44850209368815,179.54694678915675,1.098444695468599,0.21509215907070467,0.3854166666666667,0.3333333333333333,823,HC-MARL-Phase2(lambda=2.5),0,181
175.76563723960345,177.5814789289583,1.8158416893548464,0.3907384840360712,0.3541666666666667,0.16666666666666666,816,HC-MARL-Phase2(lambda=2.5),0,182
161.56059178341255,163.35483627831388,1.7942444949013356,0.3209673133138453,0.4375,0.3333333333333333,785,HC-MARL-Phase2(lambda=2.5),0,183
168.88956702913143,170.88309223305933,1.9935252039279145,0.24593760155996103,0.20833333333333334,0.16666666666666666,766,HC-MARL-Phase2(lambda=2.5),0,184
176.29701818707807,177.18990944620393,0.8928912591258636,0.15702879881641707,0.3333333333333333,0.0,803,HC-MARL-Phase2(lambda=2.5),0,185
172.04831950849004,173.22349690041636,1.1751773919263222,0.1550425105412318,0.10416666666666667,0.0,818,HC-MARL-Phase2(lambda=2.5),0,186
168.2802088407212,169.84959505729054,1.5693862165693493,0.18063451311204837,0.17708333333333334,0.0,830,HC-MARL-Phase2(lambda=2.5),0,187
148.65141779583962,150.2239968803127,1.5725790844730851,0.20717111008373146,0.22916666666666666,0.0,767,HC-MARL-Phase2(lambda=2.5),0,188
163.67108041567082,165.61883944047048,1.947759024799659,0.3273086176053297,0.25,0.16666666666666666,804,HC-MARL-Phase2(lambda=2.5),0,189
163.47787019849522,165.08459585929205,1.6067256607968226,0.2134124456009691,0.09375,0.0,758,HC-MARL-Phase2(lambda=2.5),0,190
158.03842638618667,160.6529158328772,2.6144894466905235,0.3580311710493542,0.16666666666666666,0.0,778,HC-MARL-Phase2(lambda=2.5),0,191
159.9543906876942,160.73591957878722,0.7815288910930183,0.09843937575030015,0.08333333333333333,0.0,764,HC-MARL-Phase2(lambda=2.5),0,192
174.5986656830957,175.30130115515345,0.7026354720577427,0.22346313743819335,0.3125,0.16666666666666666,817,HC-MARL-Phase2(lambda=2.5),0,193
166.88831249715483,167.52791103504345,0.6395985378886173,0.08597883597883599,0.13541666666666666,0.0,735,HC-MARL-Phase2(lambda=2.5),0,194
167.06235278297723,168.34311341737038,1.2807606343931517,0.1736741298461132,0.22916666666666666,0.0,763,HC-MARL-Phase2(lambda=2.5),0,195
172.05344355332954,173.77629276463801,1.7228492113084797,0.26208668758812026,0.5,0.5,774,HC-MARL-Phase2(lambda=2.5),0,196
174.24675318323813,175.14087791249472,0.8941247292565866,0.1463783456827461,0.28125,0.3333333333333333,840,HC-MARL-Phase2(lambda=2.5),0,197
173.72010206241288,174.25036946713413,0.5302674047212688,0.09342214681103056,0.1875,0.0,821,HC-MARL-Phase2(lambda=2.5),0,198
166.40835336438795,168.04907494139846,1.6407215770105137,0.22710622710622713,0.28125,0.16666666666666666,758,HC-MARL-Phase2(lambda=2.5),0,199
163.14481376453895,164.92558603977722,1.7807722752382649,0.3048459985256882,0.0625,0.0,776,HC-MARL-Phase2(lambda=2.5),0,200
169.35876162437245,171.1774042892335,1.8186426648610585,0.24617737003058107,0.3020833333333333,0.0,831,HC-MARL-Phase2(lambda=2.5),0,201
165.68307861631448,167.12446586909826,1.4413872527837956,0.20132953466286796,0.08333333333333333,0.0,747,HC-MARL-Phase2(lambda=2.5),0,202
161.11868594825086,161.84415107702685,0.7254651287760011,0.12740704856485402,0.23958333333333334,0.0,758,HC-MARL-Phase2(lambda=2.5),0,203
161.98630102643617,164.10898752992802,2.1226865034918383,0.37773972602739725,0.17708333333333334,0.0,771,HC-MARL-Phase2(lambda=2.5),0,204
168.28474307758316,170.30515016953285,2.020407091949682,0.36488340192043894,0.3229166666666667,0.0,770,HC-MARL-Phase2(lambda=2.5),0,205
169.7290105770682,170.24613004999154,0.517119472923331,0.10562770562770563,0.14583333333333334,0.0,795,HC-MARL-Phase2(lambda=2.5),0,206
173.10965793151746,174.35556455799102,1.2459066264735563,0.24816999395039324,0.25,0.16666666666666666,760,HC-MARL-Phase2(lambda=2.5),0,207
167.76571477013823,169.2286531829024,1.4629384127641818,0.2201204819277109,0.3125,0.3333333333333333,784,HC-MARL-Phase2(lambda=2.5),0,208
163.3398226687445,164.39514473777965,1.0553220690351697,0.20117125672681224,0.14583333333333334,0.0,771,HC-MARL-Phase2(lambda=2.5),0,209
171.45320540876025,173.76748562838557,2.3142802196253287,0.2878335724533716,0.40625,0.5,784,HC-MARL-Phase2(lambda=2.5),0,210
166.90392510014934,169.51890886060082,2.614983760451474,0.528,0.3229166666666667,0.16666666666666666,814,HC-MARL-Phase2(lambda=2.5),0,211
168.50511363340337,170.5335063601259,2.0283927267225232,0.3187399678972713,0.23958333333333334,0.16666666666666666,757,HC-MARL-Phase2(lambda=2.5),0,212
171.5435503093908,173.48070085070592,1.937150541315109,0.31841793914297334,0.16666666666666666,0.16666666666666666,772,HC-MARL-Phase2(lambda=2.5),0,213
172.9047824773099,173.798375881944,0.8935934046340901,0.13448386065835738,0.40625,0.0,781,HC-MARL-Phase2(lambda=2.5),0,214
154.4016836376876,155.5719286550652,1.1702450173776033,0.21861650698778237,0.125,0.0,745,HC-MARL-Phase2(lambda=2.5),0,215
167.90867847048585,169.74850961130377,1.839831140817922,0.31089904570567556,0.17708333333333334,0.0,773,HC-MARL-Phase2(lambda=2.5),0,216
168.2798514650188,170.31726902157388,2.037417556555088,0.3394819826715244,0.3229166666666667,0.16666666666666666,784,HC-MARL-Phase2(lambda=2.5),0,217
167.4008707211335,168.665477510106,1.264606788972514,0.3043528169337435,0.13541666666666666,0.0,801,HC-MARL-Phase2(lambda=2.5),0,218
164.2838205292002,165.84376547064045,1.5599449414402533,0.16833576932099092,0.2916666666666667,0.0,801,HC-MARL-Phase2(lambda=2.5),0,219
166.39088606510364,167.7035848233481,1.312698758244459,0.24049015185686362,0.20833333333333334,0.0,813,HC-MARL-Phase2(lambda=2.5),0,220
164.52380162047854,166.21467791625307,1.6908762957745322,0.21292642050062172,0.16666666666666666,0.0,756,HC-MARL-Phase2(lambda=2.5),0,221
164.451578573677,165.9600739742284,1.5084954005513946,0.1907675194660734,0.23958333333333334,0.16666666666666666,775,HC-MARL-Phase2(lambda=2.5),0,222
163.8458357153345,165.05188699372516,1.2060512783906814,0.11564968373351797,0.2916666666666667,0.0,784,HC-MARL-Phase2(lambda=2.5),0,223
170.16775102050366,172.5533734566126,2.385622436108947,0.5150670794633643,0.4375,0.3333333333333333,805,HC-MARL-Phase2(lambda=2.5),0,224
173.71742587723602,174.8927473403789,1.175321463142859,0.19455782312925168,0.3229166666666667,0.0,789,HC-MARL-Phase2(lambda=2.5),0,225
164.15589939944314,166.17228711024947,2.016387710806315,0.2650822378865816,0.11458333333333333,0.0,774,HC-MARL-Phase2(lambda=2.5),0,226
170.54129901506033,171.33219410491466,0.7908950898543409,0.14749749031980497,0.041666666666666664,0.16666666666666666,760,HC-MARL-Phase2(lambda=2.5),0,227
169.4698086742636,171.67477080603433,2.2049621317707455,0.3170359052711994,0.10416666666666667,0.16666666666666666,758,HC-MARL-Phase2(lambda=2.5),0,228
164.3716223271901,166.17630098251416,1.8046786553240666,0.2690505612192359,0.16666666666666666,0.0,763,HC-MARL-Phase2(lambda=2.5),0,229
158.35163217870033,159.81350119651594,1.4618690178156286,0.2445205479452055,0.11458333333333333,0.0,773,HC-MARL-Phase2(lambda=2.5),0,230
158.1894344531176,159.91389816747989,1.7244637143622947,0.40843023255813954,0.15625,0.0,750,HC-MARL-Phase2(lambda=2.5),0,231
174.28789839785313,175.58377406906817,1.2958756712150388,0.15734142620009728,0.3125,0.0,841,HC-MARL-Phase2(lambda=2.5),0,232
160.88849851028726,162.58362803041962,1.6951295201323497,0.18051158349665813,0.16666666666666666,0.16666666666666666,774,HC-MARL-Phase2(lambda=2.5),0,233
155.72598728808012,157.20674970454385,1.480762416463726,0.2423384750853027,0.13541666666666666,0.0,763,HC-MARL-Phase2(lambda=2.5),0,234
172.1840596317205,173.85853519718233,1.6744755654618553,0.28084904166006663,0.5416666666666666,0.5,836,HC-MARL-Phase2(lambda=2.5),0,235
172.09286009287638,173.63993688506332,1.5470767921869475,0.3051186936039323,0.4479166666666667,0.5,819,HC-MARL-Phase2(lambda=2.5),0,236
161.54427715909856,163.69456149768263,2.1502843385840706,0.2754237288135593,0.4583333333333333,0.16666666666666666,796,HC-MARL-Phase2(lambda=2.5),0,237
170.2871306609884,171.0842330562454,0.7971023952570001,0.13250148544266183,0.1875,0.0,797,HC-MARL-Phase2(lambda=2.5),0,238
170.51390277508744,172.07395110876598,1.5600483336785251,0.20692986762036114,0.40625,0.3333333333333333,802,HC-MARL-Phase2(lambda=2.5),0,239
165.02297968992045,166.64652307659657,1.6235433866761069,0.31339805825242717,0.2708333333333333,0.16666666666666666,771,HC-MARL-Phase2(lambda=2.5),0,240
171.85696199694786,172.9284169955861,1.0714549986382529,0.19202888526132306,0.40625,0.16666666666666666,775,HC-MARL-Phase2(lambda=2.5),0,241
155.5665314197276,155.88508678864136,0.31855536891375824,0.050161430033860976,0.14583333333333334,0.0,772,HC-MARL-Phase2(lambda=2.5),0,242
165.95571977437646,167.77378753599345,1.8180677616169798,0.36069871331888825,0.23958333333333334,0.16666666666666666,776,HC-MARL-Phase2(lambda=2.5),0,243
177.95572551720002,178.6180711398165,0.6623456226164772,0.0876606972435861,0.19791666666666666,0.0,824,HC-MARL-Phase2(lambda=2.5),0,244
169.82531491771962,170.724320248211,0.8990053304913823,0.1115654205607477,0.3020833333333333,0.16666666666666666,821,HC-MARL-Phase2(lambda=2.5),0,245
170.66959255815382,171.7531910414147,1.0835984832608945,0.1716150813577068,0.14583333333333334,0.0,789,HC-MARL-Phase2(lambda=2.5),0,246
172.0872216168678,173.3827952413943,1.295573624526497,0.24269273523834434,0.17708333333333334,0.0,770,HC-MARL-Phase2(lambda=2.5),0,247
171.77982412807597,174.17796287862458,2.398138750548623,0.32284846627476116,0.3333333333333333,0.16666666666666666,818,HC-MARL-Phase2(lambda=2.5),0,248
161.26657583256747,162.40465779318708,1.138081960619616,0.2591816541528432,0.0,0.0,743,HC-MARL-Phase2(lambda=2.5),0,249
169.18878697090457,170.32061393263592,1.1318269617313597,0.21399176954732513,0.0,0.0,742,HC-MARL-Phase2(lambda=2.5),1,0
171.02483989613853,172.57837013311394,1.5535302369753934,0.21174775928297063,0.19791666666666666,0.0,846,HC-MARL-Phase2(lambda=2.5),1,1
166.62304501719393,167.49228277076386,0.8692377535699272,0.21056629472471056,0.0,0.0,760,HC-MARL-Phase2(lambda=2.5),1,2
162.96875418156682,164.03367908321468,1.0649249016478644,0.23105443876646303,0.041666666666666664,0.16666666666666666,745,HC-MARL-Phase2(lambda=2.5),1,3
174.58391182988862,176.08324692470933,1.499335094820721,0.317027012551106,0.08333333333333333,0.16666666666666666,782,HC-MARL-Phase2(lambda=2.5),1,4
178.48404183588258,179.5734574254971,1.089415589614529,0.1463087248322148,0.09375,0.0,847,HC-MARL-Phase2(lambda=2.5),1,5
161.96697933219644,164.21239053242158,2.2454112002251216,0.2956011730205278,0.0,0.0,800,HC-MARL-Phase2(lambda=2.5),1,6
172.2128000328123,174.75389451283945,2.5410944800271453,0.34480934538241126,0.15625,0.16666666666666666,807,HC-MARL-Phase2(lambda=2.5),1,7
160.56568948960143,162.87552870171737,2.3098392121159397,0.34901985423473236,0.0,0.0,775,HC-MARL-Phase2(lambda=2.5),1,8
159.429324824654,160.83240260520788,1.4030777805538799,0.2151717321472696,0.041666666666666664,0.0,800,HC-MARL-Phase2(lambda=2.5),1,9
180.9147813685538,182.0135847536175,1.0988033850636836,0.1923533530181729,0.041666666666666664,0.0,838,HC-MARL-Phase2(lambda=2.5),1,10
167.49536588786773,169.0772244529954,1.581858565127684,0.2694233099584815,0.052083333333333336,0.16666666666666666,789,HC-MARL-Phase2(lambda=2.5),1,11
185.15979271645813,188.27417415168227,3.114381435224151,0.4731786462969876,0.25,0.16666666666666666,873,HC-MARL-Phase2(lambda=2.5),1,12
173.90495276400912,175.98116424602802,2.0762114820189046,0.2564546710048923,0.07291666666666667,0.16666666666666666,838,HC-MARL-Phase2(lambda=2.5),1,13
160.50271670963213,162.12037381369007,1.617657104057946,0.27818329278183285,0.0,0.0,785,HC-MARL-Phase2(lambda=2.5),1,14
165.24844112147292,169.84202545374,4.5935843322670875,0.6437359774191214,0.03125,0.16666666666666666,787,HC-MARL-Phase2(lambda=2.5),1,15
172.02531263831526,173.2982266249229,1.2729139866076582,0.17738764044943822,0.052083333333333336,0.0,779,HC-MARL-Phase2(lambda=2.5),1,16
154.015460684404,155.24265912192382,1.2271984375198235,0.20171872771359295,0.0,0.0,727,HC-MARL-Phase2(lambda=2.5),1,17
174.92353957003996,176.33977463871568,1.416235068675713,0.2335789210789211,0.10416666666666667,0.0,822,HC-MARL-Phase2(lambda=2.5),1,18
166.9374426518481,168.00361422543384,1.0661715735857233,0.1661188482378756,0.0,0.0,773,HC-MARL-Phase2(lambda=2.5),1,19
171.38504157109804,173.20468075461872,1.8196391835206762,0.2969846224334929,0.0,0.0,809,HC-MARL-Phase2(lambda=2.5),1,20
161.19340441149558,162.73322215706878,1.5398177455732096,0.2516743669639339,0.0,0.0,742,HC-MARL-Phase2(lambda=2.5),1,21
168.42421885373295,169.54302116614824,1.11880231241529,0.14395448079658613,0.010416666666666666,0.0,781,HC-MARL-Phase2(lambda=2.5),1,22
173.1664551037896,174.59941946257297,1.432964358783366,0.31619507706464234,0.09375,0.0,846,HC-MARL-Phase2(lambda=2.5),1,23
165.67708950295216,167.63389212749368,1.956802624541536,0.39310318722083426,0.0,0.0,782,HC-MARL-Phase2(lambda=2.5),1,24
169.61875331640647,171.0998083134052,1.4810549969987286,0.21744886409572317,0.0,0.0,816,HC-MARL-Phase2(lambda=2.5),1,25
169.3161976461191,171.86492618290714,2.5487285367880474,0.42647606630657475,0.0625,0.0,811,HC-MARL-Phase2(lambda=2.5),1,26
158.9123144972781,160.47605635785774,1.5637418605796483,0.19339403116171455,0.0,0.0,770,HC-MARL-Phase2(lambda=2.5),1,27
169.2473340335339,170.84349983959618,1.5961658060622956,0.19908498353245963,0.08333333333333333,0.0,830,HC-MARL-Phase2(lambda=2.5),1,28
170.6062975175928,172.13594026989745,1.5296427523046463,0.317925295327371,0.010416666666666666,0.0,801,HC-MARL-Phase2(lambda=2.5),1,29
161.8743450270306,162.49134634747995,0.6170013204493391,0.12037388335115373,0.0,0.0,792,HC-MARL-Phase2(lambda=2.5),1,30
176.44405539723843,178.26694331867822,1.8228879214397904,0.34411347517730495,0.10416666666666667,0.0,843,HC-MARL-Phase2(lambda=2.5),1,31
173.6819377093889,175.09028531490674,1.4083476055178221,0.3579207920792079,0.010416666666666666,0.16666666666666666,856,HC-MARL-Phase2(lambda=2.5),1,32
167.30564987096014,168.2113563751171,0.9057065041569679,0.13962264150943393,0.2708333333333333,0.16666666666666666,820,HC-MARL-Phase2(lambda=2.5),1,33
175.4440855240758,176.26265545935968,0.8185699352838788,0.15371647509578534,0.0625,0.0,795,HC-MARL-Phase2(lambda=2.5),1,34
174.79682338517708,176.71106881937223,1.914245434195142,0.17247629436938827,0.010416666666666666,0.16666666666666666,790,HC-MARL-Phase2(lambda=2.5),1,35
157.76687744164303,159.05761946285318,1.2907420212101473,0.2566043487096119,0.0625,0.0,784,HC-MARL-Phase2(lambda=2.5),1,36
172.75528026491506,173.79058668973605,1.0353064248209962,0.16461659809418228,0.010416666666666666,0.0,813,HC-MARL-Phase2(lambda=2.5),1,37
165.8204205812811,168.12039857040708,2.2999779891259915,0.2748189985216633,0.14583333333333334,0.16666666666666666,771,HC-MARL-Phase2(lambda=2.5),1,38
172.53782287668065,172.79014757331413,0.25232469663348467,0.0521698984302863,0.125,0.16666666666666666,830,HC-MARL-Phase2(lambda=2.5),1,39
176.92644643287645,178.0971331150165,1.1706866821400685,0.22871757398611625,0.13541666666666666,0.0,820,HC-MARL-Phase2(lambda=2.5),1,40
167.0040885620257,168.59418711183486,1.5900985498091584,0.21641831957282104,0.010416666666666666,0.0,765,HC-MARL-Phase2(lambda=2.5),1,41
164.35721471423378,164.8565669893402,0.4993522751064272,0.1335490962383976,0.0,0.0,759,HC-MARL-Phase2(lambda=2.5),1,42
173.79736183744623,176.02535789688957,2.227996059443338,0.47101145936894984,0.09375,0.0,781,HC-MARL-Phase2(lambda=2.5),1,43
168.95741931306597,170.08693455758458,1.1295152445186174,0.16986421375383265,0.0,0.0,797,HC-MARL-Phase2(lambda=2.5),1,44
169.20049021400771,170.41481045747153,1.214320243463816,0.173469387755102,0.041666666666666664,0.0,820,HC-MARL-Phase2(lambda=2.5),1,45
151.3646028748335,152.51497133536807,1.1503684605345768,0.21421921286500212,0.0,0.0,752,HC-MARL-Phase2(lambda=2.5),1,46
145.34077770187872,147.66024523728433,2.3194675354056056,0.3080483981581268,0.0,0.0,769,HC-MARL-Phase2(lambda=2.5),1,47
168.20256332761076,170.19419857653963,1.9916352489288671,0.23333093921329207,0.07291666666666667,0.0,806,HC-MARL-Phase2(lambda=2.5),1,48
168.16527307818998,169.31628014176195,1.1510070635719583,0.16744089357245084,0.0,0.0,794,HC-MARL-Phase2(lambda=2.5),1,49
166.74511514675228,167.06455445637104,0.3194393096187653,0.06053743656105304,0.0,0.0,783,HC-MARL-Phase2(lambda=2.5),1,50
165.65296180533034,166.54026609825962,0.8873042929292928,0.18314393939393936,0.0,0.0,775,HC-MARL-Phase2(lambda=2.5),1,51
175.98829958446572,177.97777564611158,1.9894760616458729,0.3219020907700153,0.14583333333333334,0.0,859,HC-MARL-Phase2(lambda=2.5),1,52
169.03932620861133,170.37329367215992,1.3339674635485843,0.22247508918686187,0.052083333333333336,0.0,796,HC-MARL-Phase2(lambda=2.5),1,53
166.02156449378217,167.46425640057865,1.4426919067964752,0.28465166908563133,0.0,0.0,793,HC-MARL-Phase2(lambda=2.5),1,54
172.19819254624625,173.4929876574458,1.2947951111995506,0.2810183178593425,0.020833333333333332,0.16666666666666666,811,HC-MARL-Phase2(lambda=2.5),1,55
172.06240167832357,173.89060129954356,1.8281996212200045,0.3448199199644286,0.23958333333333334,0.16666666666666666,794,HC-MARL-Phase2(lambda=2.5),1,56
153.0687205228682,154.01496723433564,0.9462467114674356,0.19624819624819623,0.0,0.0,742,HC-MARL-Phase2(lambda=2.5),1,57
167.7024111190555,168.68343345692014,0.9810223378646293,0.1330209084354722,0.0,0.0,795,HC-MARL-Phase2(lambda=2.5),1,58
166.01615132507743,168.69697491749602,2.6808235924185766,0.47697966121563795,0.052083333333333336,0.0,823,HC-MARL-Phase2(lambda=2.5),1,59
170.7070288530485,172.93664454360942,2.2296156905609132,0.43498619967640606,0.0,0.0,752,HC-MARL-Phase2(lambda=2.5),1,60
171.67576866313365,173.26215005068104,1.5863813875473844,0.27672922366621067,0.010416666666666666,0.16666666666666666,822,HC-MARL-Phase2(lambda=2.5),1,61
162.17589354842562,163.99632499444996,1.8204314460243314,0.4173553719008265,0.020833333333333332,0.0,781,HC-MARL-Phase2(lambda=2.5),1,62
172.459548481213,173.65243212610605,1.1928836448930549,0.22885941644562346,0.11458333333333333,0.0,833,HC-MARL-Phase2(lambda=2.5),1,63
168.11570507827753,169.3440164915364,1.2283114132588735,0.18143257302921167,0.052083333333333336,0.16666666666666666,757,HC-MARL-Phase2(lambda=2.5),1,64
159.61494024895322,161.32598905109742,1.7110488021442167,0.22107827447633271,0.0,0.0,778,HC-MARL-Phase2(lambda=2.5),1,65
163.64462672739796,165.28210471917055,1.6374779917725895,0.19737617135207497,0.0,0.0,820,HC-MARL-Phase2(lambda=2.5),1,66
167.29347147471486,169.04823377655245,1.7547623018375915,0.35057915057915057,0.0625,0.0,789,HC-MARL-Phase2(lambda=2.5),1,67
174.06893438371935,176.27303479654634,2.204100412826997,0.5291301134355216,0.0625,0.0,839,HC-MARL-Phase2(lambda=2.5),1,68
162.62453828903224,163.13591999518138,0.5113817061491479,0.11413620579147254,0.020833333333333332,0.0,794,HC-MARL-Phase2(lambda=2.5),1,69
170.85652632359267,172.24333271510594,1.3868063915132738,0.2631474630021142,0.010416666666666666,0.0,813,HC-MARL-Phase2(lambda=2.5),1,70
168.5533403972303,169.47481572827212,0.9214753310418302,0.1330428980729228,0.08333333333333333,0.0,829,HC-MARL-Phase2(lambda=2.5),1,71
165.41353420103962,167.00963717813772,1.5961029770981123,0.2682974559686889,0.0,0.0,753,HC-MARL-Phase2(lambda=2.5),1,72
158.90017026494516,160.832855567635,1.9326853026898394,0.3358985559381263,0.16666666666666666,0.16666666666666666,723,HC-MARL-Phase2(lambda=2.5),1,73
168.50755434804137,170.64542134299205,2.137866994950694,0.4208592425098926,0.09375,0.0,833,HC-MARL-Phase2(lambda=2.5),1,74
165.96142074546722,168.08380089048867,2.122380145021443,0.2583435435058068,0.010416666666666666,0.0,780,HC-MARL-Phase2(lambda=2.5),1,75
170.41195551039525,172.21868230180047,1.8067267914052232,0.21305595408895261,0.0,0.0,792,HC-MARL-Phase2(lambda=2.5),1,76
166.50993965267983,167.62896441412474,1.1190247614449036,0.13491458260578282,0.125,0.16666666666666666,789,HC-MARL-Phase2(lambda=2.5),1,77
168.53434732611376,169.34543900011175,0.8110916739980012,0.1129734848484849,0.0,0.0,801,HC-MARL-Phase2(lambda=2.5),1,78
160.01679616306512,162.35504646561733,2.3382503025522077,0.31267080745341624,0.0,0.0,769,HC-MARL-Phase2(lambda=2.5),1,79
165.14165054642825,166.89001253172796,1.74836198529971,0.2309876311844078,0.0,0.0,790,HC-MARL-Phase2(lambda=2.5),1,80
163.54552403624538,165.46449714363908,1.9189731073937049,0.29096045197740117,0.0,0.0,760,HC-MARL-Phase2(lambda=2.5),1,81
172.719160286745,173.88129477822955,1.1621344914845422,0.20629503583854591,0.020833333333333332,0.0,789,HC-MARL-Phase2(lambda=2.5),1,82
172.56815869383016,172.96816959347265,0.40001089964249753,0.05604960430774253,0.13541666666666666,0.16666666666666666,828,HC-MARL-Phase2(lambda=2.5),1,83
170.69904429140772,171.4633108818121,0.7642665904043775,0.1113909337466098,0.07291666666666667,0.16666666666666666,797,HC-MARL-Phase2(lambda=2.5),1,84
162.121081954561,164.58999073395364,2.46890877939265,0.4255952380952381,0.13541666666666666,0.16666666666666666,759,HC-MARL-Phase2(lambda=2.5),1,85
169.1188836201562,170.55472276686967,1.4358391467134857,0.2594130675526024,0.052083333333333336,0.0,790,HC-MARL-Phase2(lambda=2.5),1,86
167.13353654234703,169.68380706897332,2.5502705266263,0.3398124830040554,0.14583333333333334,0.0,799,HC-MARL-Phase2(lambda=2.5),1,87
169.43854617994052,171.06259947509938,1.6240532951588587,0.3154190207156309,0.052083333333333336,0.16666666666666666,816,HC-MARL-Phase2(lambda=2.5),1,88
166.27431322906284,167.95839081937942,1.684077590316568,0.21442352903027062,0.010416666666666666,0.0,759,HC-MARL-Phase2(lambda=2.5),1,89
157.87433714356592,160.0435521807483,2.1692150371823553,0.3223280968323461,0.0,0.0,772,HC-MARL-Phase2(lambda=2.5),1,90
170.762133506162,172.2958146765913,1.5336811704292905,0.3140960509381562,0.0,0.0,785,HC-MARL-Phase2(lambda=2.5),1,91
156.3706853001102,158.51468454836277,2.143999248252567,0.5127209746774964,0.0,0.0,803,HC-MARL-Phase2(lambda=2.5),1,92
170.22892788649872,171.4094232496206,1.180495363121876,0.15717616694285164,0.020833333333333332,0.0,802,HC-MARL-Phase2(lambda=2.5),1,93
171.10226252397158,172.74447553651325,1.6422130125416698,0.2945519110363518,0.0,0.0,834,HC-MARL-Phase2(lambda=2.5),1,94
175.3135314824568,176.4101128800986,1.0965813976418035,0.23785803237858028,0.020833333333333332,0.0,830,HC-MARL-Phase2(lambda=2.5),1,95
170.748704820703,171.9074049490623,1.1587001283592886,0.22815230961298372,0.125,0.16666666666666666,793,HC-MARL-Phase2(lambda=2.5),1,96
162.7239403167073,164.02497281311406,1.3010324964067552,0.25908230027548207,0.052083333333333336,0.0,805,HC-MARL-Phase2(lambda=2.5),1,97
159.71891829758997,161.52937496799726,1.8104566704072858,0.42401129943502824,0.0,0.0,765,HC-MARL-Phase2(lambda=2.5),1,98
156.67953905784282,158.8782119671264,2.1986729092835873,0.530940594059406,0.0,0.0,746,HC-MARL-Phase2(lambda=2.5),1,99
171.45197482327512,173.94626367878425,2.4942888555091156,0.5372844965711723,0.15625,0.0,823,HC-MARL-Phase2(lambda=2.5),1,100
174.56067270530065,176.07805184480213,1.5173791395014984,0.20282730394693516,0.08333333333333333,0.16666666666666666,816,HC-MARL-Phase2(lambda=2.5),1,101
159.73828557629164,161.49571556866314,1.7574299923714851,0.29560915275200994,0.08333333333333333,0.0,800,HC-MARL-Phase2(lambda=2.5),1,102
173.52753186237726,175.20346770155948,1.6759358391822121,0.257260101010101,0.10416666666666667,0.0,829,HC-MARL-Phase2(lambda=2.5),1,103
160.50878388635059,161.35123451647246,0.842450630121883,0.12339832298009312,0.0,0.0,754,HC-MARL-Phase2(lambda=2.5),1,104
168.5005004838211,171.48944293904032,2.98894245521921,0.329761248128595,0.052083333333333336,0.0,815,HC-MARL-Phase2(lambda=2.5),1,105
177.7511446520697,178.93833455263658,1.1871899005668625,0.23765279904492487,0.15625,0.16666666666666666,841,HC-MARL-Phase2(lambda=2.5),1,106
166.21727687056057,168.35574171066253,2.138464840101973,0.42336364991799613,0.010416666666666666,0.0,764,HC-MARL-Phase2(lambda=2.5),1,107
164.10104643423873,165.84366965357492,1.7426232193362077,0.3417417070730393,0.0,0.0,814,HC-MARL-Phase2(lambda=2.5),1,108
174.22044111862513,175.03499467048846,0.8145535518633393,0.19392174243383564,0.020833333333333332,0.0,836,HC-MARL-Phase2(lambda=2.5),1,109
167.08361039547248,168.54503572700898,1.46142533153651,0.32565028901734105,0.08333333333333333,0.0,783,HC-MARL-Phase2(lambda=2.5),1,110
169.1176906423537,171.21163807662563,2.0939474342719495,0.3809025506867233,0.10416666666666667,0.16666666666666666,779,HC-MARL-Phase2(lambda=2.5),1,111
164.08071395353733,165.1988616558319,1.1181477022945863,0.1765955187426994,0.0625,0.16666666666666666,786,HC-MARL-Phase2(lambda=2.5),1,112
166.63686008545952,169.2335284334016,2.596668347942087,0.5755016888535666,0.03125,0.0,786,HC-MARL-Phase2(lambda=2.5),1,113
170.62656509706832,173.06771912691656,2.441154029848236,0.3603462549040781,0.010416666666666666,0.0,784,HC-MARL-Phase2(lambda=2.5),1,114
160.80410889925426,162.3993096841239,1.595200784869622,0.41302904564315346,0.0,0.0,768,HC-MARL-Phase2(lambda=2.5),1,115
177.685528121392,180.29908407495898,2.6135559535669985,0.3115931721194878,0.052083333333333336,0.16666666666666666,855,HC-MARL-Phase2(lambda=2.5),1,116
167.00457901288274,167.8418142764099,0.8372352635271543,0.12212239134637204,0.0,0.0,831,HC-MARL-Phase2(lambda=2.5),1,117
162.34606152720968,163.74637266961614,1.4003111424064594,0.15998765953301075,0.08333333333333333,0.0,811,HC-MARL-Phase2(lambda=2.5),1,118
168.36733535704172,170.34753889665643,1.9802035396146933,0.4455304780522481,0.0,0.0,773,HC-MARL-Phase2(lambda=2.5),1,119
157.43520445744926,159.50427003921425,2.0690655817649914,0.3359761319373464,0.0,0.0,767,HC-MARL-Phase2(lambda=2.5),1,120
167.99971504785435,170.18391758580364,2.1842025379492833,0.5124872795115333,0.0,0.0,821,HC-MARL-Phase2(lambda=2.5),1,121
169.11384613015326,171.1360146425586,2.022168512405341,0.32100068284809746,0.020833333333333332,0.16666666666666666,791,HC-MARL-Phase2(lambda=2.5),1,122
160.97492698015012,162.22788029050403,1.2529533103539152,0.24040910538045213,0.010416666666666666,0.0,729,HC-MARL-Phase2(lambda=2.5),1,123
172.24947443573336,173.07008028127285,0.8206058455394932,0.0980346641906531,0.0,0.0,791,HC-MARL-Phase2(lambda=2.5),1,124
161.72094499586143,163.79419610091813,2.07325110505671,0.4353562801932366,0.08333333333333333,0.0,828,HC-MARL-Phase2(lambda=2.5),1,125
171.07677006062505,172.03469841047507,0.9579283498500152,0.18492917847025492,0.10416666666666667,0.16666666666666666,791,HC-MARL-Phase2(lambda=2.5),1,126
160.0568541045328,161.03902854121725,0.9821744366844686,0.15348832838401688,0.0,0.0,788,HC-MARL-Phase2(lambda=2.5),1,127
174.2820655019222,175.89678617660326,1.6147206746810603,0.37232293712041653,0.08333333333333333,0.16666666666666666,814,HC-MARL-Phase2(lambda=2.5),1,128
174.774892395333,175.45266278771965,0.6777703923866452,0.0853067247558148,0.15625,0.16666666666666666,818,HC-MARL-Phase2(lambda=2.5),1,129
158.4299120767682,160.9276145802997,2.4977025035314844,0.4431821198205611,0.0,0.0,806,HC-MARL-Phase2(lambda=2.5),1,130
172.18147060300345,174.37077227187163,2.1893016688681755,0.3686857260386672,0.125,0.16666666666666666,822,HC-MARL-Phase2(lambda=2.5),1,131
170.63955297822443,171.79963094504578,1.1600779668213526,0.18526920750151243,0.10416666666666667,0.16666666666666666,760,HC-MARL-Phase2(lambda=2.5),1,132
172.26390708798786,174.332293419486,2.0683863314981332,0.5752281460134485,0.010416666666666666,0.0,795,HC-MARL-Phase2(lambda=2.5),1,133
168.8352433574647,169.95611414036796,1.120870782903272,0.16763149003266142,0.0,0.0,770,HC-MARL-Phase2(lambda=2.5),1,134
173.76116224465216,174.51477333140883,0.7536110867566712,0.1309705785019778,0.0,0.0,801,HC-MARL-Phase2(lambda=2.5),1,135
175.66127768645646,177.11640965766742,1.4551319712109656,0.24704025256511442,0.020833333333333332,0.0,789,HC-MARL-Phase2(lambda=2.5),1,136
173.04415333058986,174.4281896678955,1.3840363373056483,0.2534105239023272,0.08333333333333333,0.0,816,HC-MARL-Phase2(lambda=2.5),1,137
164.24027961736024,165.896096813688,1.65581719632774,0.25925925925925924,0.03125,0.0,792,HC-MARL-Phase2(lambda=2.5),1,138
168.00100117493304,170.02122072478468,2.020219549851639,0.2532840722495896,0.020833333333333332,0.0,791,HC-MARL-Phase2(lambda=2.5),1,139
168.85767115154377,170.1783461157748,1.3206749642310158,0.2034797191070118,0.0,0.0,755,HC-MARL-Phase2(lambda=2.5),1,140
168.73870355427982,171.07863006927087,2.3399265149910597,0.429965234944488,0.03125,0.0,806,HC-MARL-Phase2(lambda=2.5),1,141
167.92870446992123,170.03542632920266,2.1067218592814227,0.24795766692431187,0.041666666666666664,0.16666666666666666,783,HC-MARL-Phase2(lambda=2.5),1,142
168.415334015455,169.1790354706746,0.76370145521961,0.1470105905252348,0.041666666666666664,0.16666666666666666,805,HC-MARL-Phase2(lambda=2.5),1,143
173.57200185253026,175.16734706153588,1.5953452090056228,0.3771814112406202,0.052083333333333336,0.16666666666666666,778,HC-MARL-Phase2(lambda=2.5),1,144
169.4864162992146,172.93665674897736,3.4502404497627657,0.42371705963938977,0.17708333333333334,0.16666666666666666,868,HC-MARL-Phase2(lambda=2.5),1,145
157.9670866939796,159.17598986201813,1.2089031680385147,0.19847079184044036,0.0,0.0,811,HC-MARL-Phase2(lambda=2.5),1,146
169.75623317265286,171.51605141805,1.7598182453971525,0.2337158610078215,0.0625,0.0,799,HC-MARL-Phase2(lambda=2.5),1,147
173.2826593635556,176.09106098538462,2.808401621829002,0.505464480874317,0.14583333333333334,0.0,830,HC-MARL-Phase2(lambda=2.5),1,148
159.201462782225,159.95150853790173,0.7500457556767292,0.07479614529280942,0.0,0.0,771,HC-MARL-Phase2(lambda=2.5),1,149
175.28187053077588,176.280214342546,0.998343811770127,0.10203319740394001,0.010416666666666666,0.16666666666666666,804,HC-MARL-Phase2(lambda=2.5),1,150
176.26078812910768,177.33614638123828,1.0753582521305955,0.13023553759731943,0.0625,0.16666666666666666,826,HC-MARL-Phase2(lambda=2.5),1,151
163.52210493094182,166.55690014021977,3.03479520927794,0.5045463601948957,0.0,0.0,797,HC-MARL-Phase2(lambda=2.5),1,152
161.28421640527696,162.85183041312885,1.5676140078518772,0.33978138049619255,0.041666666666666664,0.0,801,HC-MARL-Phase2(lambda=2.5),1,153
170.7169847659558,172.2737251721484,1.556740406192594,0.28936110690181727,0.020833333333333332,0.16666666666666666,806,HC-MARL-Phase2(lambda=2.5),1,154
162.62844181567183,163.49445136064736,0.8660095449755122,0.22821703531712084,0.010416666666666666,0.0,728,HC-MARL-Phase2(lambda=2.5),1,155
159.63602849854652,161.69465220543708,2.058623706890557,0.33300104841620404,0.010416666666666666,0.0,793,HC-MARL-Phase2(lambda=2.5),1,156
167.06194770362296,169.2086423770594,2.1466946734364285,0.4680124223602484,0.041666666666666664,0.0,801,HC-MARL-Phase2(lambda=2.5),1,157
154.98787869853894,156.61448031071097,1.6266016121720357,0.2711890648500398,0.0,0.0,772,HC-MARL-Phase2(lambda=2.5),1,158
166.285974050758,168.84580605976134,2.5598320090033373,0.49727817093086557,0.010416666666666666,0.0,758,HC-MARL-Phase2(lambda=2.5),1,159
175.01920999656483,175.98551412751087,0.9663041309460435,0.14893162393162396,0.0625,0.16666666666666666,808,HC-MARL-Phase2(lambda=2.5),1,160
164.49097072501738,166.31034675081162,1.8193760257942344,0.30052631578947364,0.22916666666666666,0.3333333333333333,771,HC-MARL-Phase2(lambda=2.5),1,161
167.16272474845928,168.96935259440377,1.806627845944482,0.3021276595744681,0.0,0.0,774,HC-MARL-Phase2(lambda=2.5),1,162
172.96210794776982,174.7606302745344,1.798522326764577,0.23700525683034346,0.07291666666666667,0.16666666666666666,833,HC-MARL-Phase2(lambda=2.5),1,163
170.4051918795745,171.46747667121895,1.0622847916444655,0.17389498172150208,0.010416666666666666,0.0,762,HC-MARL-Phase2(lambda=2.5),1,164
156.60609066268475,157.9717375662693,1.36564690358454,0.20714693644448068,0.0,0.0,770,HC-MARL-Phase2(lambda=2.5),1,165
168.95106289980032,169.62677115515123,0.6757082553509064,0.11257309941520466,0.0625,0.0,791,HC-MARL-Phase2(lambda=2.5),1,166
174.14908050284777,176.17922337923594,2.0301428763881573,0.47008824644036595,0.0625,0.16666666666666666,783,HC-MARL-Phase2(lambda=2.5),1,167
165.42286885200184,167.28895899746104,1.866090145459207,0.3270040088494103,0.010416666666666666,0.0,786,HC-MARL-Phase2(lambda=2.5),1,168
170.39969139841057,172.07938764238065,1.679696243970097,0.22845445852259139,0.020833333333333332,0.16666666666666666,781,HC-MARL-Phase2(lambda=2.5),1,169
174.16958625735845,176.3280540769387,2.158467819580271,0.3109565754906507,0.11458333333333333,0.16666666666666666,817,HC-MARL-Phase2(lambda=2.5),1,170
174.5799955675928,175.92920026288016,1.3492046952873828,0.22237484737484725,0.1875,0.16666666666666666,829,HC-MARL-Phase2(lambda=2.5),1,171
169.53323463221636,171.84589266995945,2.312658037743102,0.30662370211242407,0.052083333333333336,0.0,810,HC-MARL-Phase2(lambda=2.5),1,172
168.8959153139197,170.5776323323871,1.6817170184674146,0.23973270620626358,0.020833333333333332,0.0,811,HC-MARL-Phase2(lambda=2.5),1,173
162.62772953493203,164.28288383349937,1.655154298567326,0.35681829656182157,0.010416666666666666,0.0,779,HC-MARL-Phase2(lambda=2.5),1,174
169.8387073269964,172.08717612220377,2.2484687952073785,0.2897959183673469,0.041666666666666664,0.16666666666666666,807,HC-MARL-Phase2(lambda=2.5),1,175
168.08495259432522,169.51896443356065,1.4340118392354397,0.19241192411924124,0.03125,0.0,796,HC-MARL-Phase2(lambda=2.5),1,176
173.74346297218935,175.31062719397437,1.567164221785025,0.22760107816711594,0.041666666666666664,0.0,811,HC-MARL-Phase2(lambda=2.5),1,177
171.9447864456755,173.85129219652626,1.9065057508507532,0.36230493348846693,0.16666666666666666,0.0,809,HC-MARL-Phase2(lambda=2.5),1,178
162.2725286128398,164.24813823202524,1.9756096191854344,0.3660851799465661,0.0,0.0,794,HC-MARL-Phase2(lambda=2.5),1,179
172.88647244505452,174.7905490203204,1.9040765752658897,0.315096251266464,0.10416666666666667,0.16666666666666666,777,HC-MARL-Phase2(lambda=2.5),1,180
169.66225004058944,171.06986320667406,1.4076131660846176,0.18776941290753446,0.041666666666666664,0.0,811,HC-MARL-Phase2(lambda=2.5),1,181
169.21926921245486,170.5207728442965,1.3015036318416342,0.2258426966292134,0.19791666666666666,0.3333333333333333,793,HC-MARL-Phase2(lambda=2.5),1,182
169.55855734379094,170.4149010392235,0.8563436954325845,0.12368587925107632,0.09375,0.16666666666666666,803,HC-MARL-Phase2(lambda=2.5),1,183
168.84328585332352,170.90968630680774,2.066400453484231,0.41764810531933827,0.0,0.0,795,HC-MARL-Phase2(lambda=2.5),1,184
161.82062259593005,163.2910419614057,1.4704193654756663,0.2772837867728379,0.11458333333333333,0.16666666666666666,750,HC-MARL-Phase2(lambda=2.5),1,185
178.652016716728,180.97777861404953,2.3257618973215024,0.3027661993179236,0.13541666666666666,0.0,871,HC-MARL-Phase2(lambda=2.5),1,186
168.45094265755503,170.1227979089093,1.6718552513542542,0.22222487467175933,0.0625,0.0,792,HC-MARL-Phase2(lambda=2.5),1,187
166.12416035595427,167.00055238438054,0.8763920284262803,0.15186804451510338,0.041666666666666664,0.0,758,HC-MARL-Phase2(lambda=2.5),1,188
170.37892996388726,171.73980888746271,1.3608789235754646,0.21435793731041464,0.010416666666666666,0.0,791,HC-MARL-Phase2(lambda=2.5),1,189
162.49577223566823,163.43579147945582,0.9400192437876019,0.21980419427854586,0.010416666666666666,0.0,794,HC-MARL-Phase2(lambda=2.5),1,190
163.2870709717144,164.75444015148085,1.4673691797664625,0.22950844436387807,0.0,0.0,778,HC-MARL-Phase2(lambda=2.5),1,191
172.49417707825893,173.28752894823015,0.7933518699712185,0.14764267990074442,0.041666666666666664,0.0,780,HC-MARL-Phase2(lambda=2.5),1,192
174.18782226563792,175.60501975746396,1.4171974918260548,0.2936041083099907,0.10416666666666667,0.16666666666666666,862,HC-MARL-Phase2(lambda=2.5),1,193
159.06367575131165,160.63743612994384,1.5737603786321996,0.3157540784449845,0.041666666666666664,0.0,768,HC-MARL-Phase2(lambda=2.5),1,194
174.67970672716206,175.69806802450407,1.018361297342022,0.23641934555549915,0.041666666666666664,0.16666666666666666,789,HC-MARL-Phase2(lambda=2.5),1,195
167.80690536529178,169.7784780819175,1.971572716625718,0.31196581196581197,0.010416666666666666,0.0,793,HC-MARL-Phase2(lambda=2.5),1,196
159.7386599689414,161.33892741916182,1.6002674502204204,0.282643427741467,0.03125,0.0,798,HC-MARL-Phase2(lambda=2.5),1,197
168.46708165470196,171.13061026791198,2.663528613210009,0.3057147405284941,0.0,0.0,807,HC-MARL-Phase2(lambda=2.5),1,198
166.5364636860513,167.21685559806085,0.6803919120095592,0.09685903983656796,0.052083333333333336,0.0,795,HC-MARL-Phase2(lambda=2.5),1,199
166.36669291606216,167.60820231624928,1.241509400187114,0.22641232575201753,0.041666666666666664,0.16666666666666666,782,HC-MARL-Phase2(lambda=2.5),1,200
164.343670041889,166.2218001417918,1.8781300999027861,0.4072859216255443,0.020833333333333332,0.0,750,HC-MARL-Phase2(lambda=2.5),1,201
171.22611547156149,172.36533334583953,1.139217874278053,0.3001654275446368,0.08333333333333333,0.0,801,HC-MARL-Phase2(lambda=2.5),1,202
168.65212184243268,171.224694316271,2.572572473838339,0.40046109510086453,0.041666666666666664,0.16666666666666666,750,HC-MARL-Phase2(lambda=2.5),1,203
169.3091456829459,171.04297408655043,1.733828403604523,0.22792022792022792,0.08333333333333333,0.16666666666666666,788,HC-MARL-Phase2(lambda=2.5),1,204
173.83273250241157,174.9996012724464,1.1668687700348368,0.14074074074074072,0.020833333333333332,0.0,817,HC-MARL-Phase2(lambda=2.5),1,205
168.5367020358186,169.44591268982833,0.9092106540097387,0.10613996478873244,0.03125,0.0,800,HC-MARL-Phase2(lambda=2.5),1,206
162.04544074313233,163.05111349424243,1.0056727511100876,0.16056713763462116,0.041666666666666664,0.0,754,HC-MARL-Phase2(lambda=2.5),1,207
161.59710480778892,164.0334993490562,2.4363945412672723,0.3937871356222834,0.041666666666666664,0.0,758,HC-MARL-Phase2(lambda=2.5),1,208
173.11825127474455,174.92705912035592,1.8088078456113588,0.2016217574771486,0.010416666666666666,0.0,773,HC-MARL-Phase2(lambda=2.5),1,209
177.46574970585925,179.13745873585,1.6717090299907633,0.2815384615384615,0.041666666666666664,0.0,825,HC-MARL-Phase2(lambda=2.5),1,210
162.1294347710966,162.81508483860893,0.6856500675123243,0.08468559837728196,0.0,0.0,779,HC-MARL-Phase2(lambda=2.5),1,211
163.27616067509246,164.281898271935,1.0057375968425382,0.1506276150627615,0.0,0.0,754,HC-MARL-Phase2(lambda=2.5),1,212
169.85340192739326,171.74775894784528,1.8943570204520102,0.37788503729706013,0.07291666666666667,0.0,785,HC-MARL-Phase2(lambda=2.5),1,213
166.91381851124882,168.89762490877425,1.983806397525427,0.5780334206260132,0.0,0.0,805,HC-MARL-Phase2(lambda=2.5),1,214
164.95468693232888,165.73996678023863,0.7852798479097539,0.13510900140646975,0.16666666666666666,0.16666666666666666,815,HC-MARL-Phase2(lambda=2.5),1,215
164.11045914225397,166.4995369553916,2.389077813137617,0.41393667642752563,0.010416666666666666,0.16666666666666666,761,HC-MARL-Phase2(lambda=2.5),1,216
163.56665309570565,165.09669520522064,1.5300421095149996,0.22958838346835253,0.03125,0.0,776,HC-MARL-Phase2(lambda=2.5),1,217
160.69633421338955,162.23190470384222,1.5355704904526644,0.30914555603263205,0.0,0.0,775,HC-MARL-Phase2(lambda=2.5),1,218
157.94330648647428,160.46798243059982,2.524675944125544,0.38978102189781016,0.0,0.0,753,HC-MARL-Phase2(lambda=2.5),1,219
166.84711951960395,168.55610367592772,1.7089841563237522,0.2724803640901417,0.0,0.0,756,HC-MARL-Phase2(lambda=2.5),1,220
166.51082685044884,169.25391160584314,2.7430847553942983,0.4611387329591019,0.010416666666666666,0.0,779,HC-MARL-Phase2(lambda=2.5),1,221
156.45589530341798,157.5905085926214,1.1346132892034289,0.16941341634621254,0.052083333333333336,0.0,853,HC-MARL-Phase2(lambda=2.5),1,222
172.34812455619593,174.85709955368026,2.50897499748433,0.4274957603165631,0.020833333333333332,0.16666666666666666,830,HC-MARL-Phase2(lambda=2.5),1,223
161.64331757197886,162.04978740391465,0.4064698319358,0.11478798210100144,0.0,0.0,786,HC-MARL-Phase2(lambda=2.5),1,224
170.990292935596,173.85651262702152,2.866219691425541,0.3523749925502116,0.041666666666666664,0.0,784,HC-MARL-Phase2(lambda=2.5),1,225
174.27438143147702,176.46671091854782,2.1923294870708037,0.4577501968230445,0.08333333333333333,0.16666666666666666,787,HC-MARL-Phase2(lambda=2.5),1,226
169.91133990049923,172.79425862063195,2.88291872013273,0.4713245997088792,0.0625,0.16666666666666666,764,HC-MARL-Phase2(lambda=2.5),1,227
159.52106564687094,160.84752471771438,1.3264590708434476,0.2746372295913825,0.0,0.0,781,HC-MARL-Phase2(lambda=2.5),1,228
167.79399564066583,169.44705581101908,1.6530601703532444,0.21879131255901796,0.010416666666666666,0.0,800,HC-MARL-Phase2(lambda=2.5),1,229
174.42717785274337,176.23572716280108,1.8085493100577046,0.36348531495870606,0.03125,0.16666666666666666,789,HC-MARL-Phase2(lambda=2.5),1,230
169.72022709964654,171.29597262966655,1.5757455300200132,0.23637770897832822,0.09375,0.16666666666666666,824,HC-MARL-Phase2(lambda=2.5),1,231
167.3373071184017,169.3523401804861,2.0150330620844046,0.2713463292293662,0.03125,0.16666666666666666,765,HC-MARL-Phase2(lambda=2.5),1,232
166.1483334808533,167.3590377561524,1.2107042752990929,0.22631512868800996,0.0,0.0,753,HC-MARL-Phase2(lambda=2.5),1,233
174.1797615209401,174.78102894898328,0.6012674280431857,0.06317934782608692,0.052083333333333336,0.0,800,HC-MARL-Phase2(lambda=2.5),1,234
172.16143347237528,173.0028015258934,0.8413680535181365,0.1354586008051355,0.07291666666666667,0.0,795,HC-MARL-Phase2(lambda=2.5),1,235
164.19590202210748,165.65784954185978,1.4619475197522864,0.21486692659772844,0.0,0.0,772,HC-MARL-Phase2(lambda=2.5),1,236
168.02399416016118,169.6586786639909,1.6346845038297397,0.21759474450745264,0.041666666666666664,0.0,780,HC-MARL-Phase2(lambda=2.5),1,237
173.84117247888616,175.3555065059508,1.5143340270646368,0.21873483076651512,0.0,0.0,790,HC-MARL-Phase2(lambda=2.5),1,238
165.6978654975429,167.08255190642936,1.384686408886463,0.1643300390714778,0.08333333333333333,0.16666666666666666,797,HC-MARL-Phase2(lambda=2.5),1,239
159.22842178060787,162.2863193142856,3.057897533677739,0.5105687513619526,0.0,0.0,756,HC-MARL-Phase2(lambda=2.5),1,240
162.61392077809663,164.0955877629056,1.4816669848089874,0.25018836537991096,0.17708333333333334,0.16666666666666666,834,HC-MARL-Phase2(lambda=2.5),1,241
175.98337749807027,178.39227755243994,2.4089000543696786,0.3154269972451791,0.03125,0.0,809,HC-MARL-Phase2(lambda=2.5),1,242
173.04653054631484,174.11390203082,1.0673714845051352,0.22556894243641235,0.0625,0.0,830,HC-MARL-Phase2(lambda=2.5),1,243
164.88608226109758,165.6731900972078,0.7871078361102104,0.15992233803392597,0.0,0.0,752,HC-MARL-Phase2(lambda=2.5),1,244
164.12163795636584,166.61643786639357,2.494799910027731,0.3974358974358974,0.0,0.0,812,HC-MARL-Phase2(lambda=2.5),1,245
172.58685163624375,173.24424149564052,0.6573898593967717,0.1010344827586207,0.11458333333333333,0.0,830,HC-MARL-Phase2(lambda=2.5),1,246
175.4960307440002,177.59626768516762,2.1002369411674158,0.22821280844387404,0.07291666666666667,0.0,813,HC-MARL-Phase2(lambda=2.5),1,247
170.98949815886482,172.7321295136275,1.7426313547626824,0.1621294051836658,0.052083333333333336,0.0,796,HC-MARL-Phase2(lambda=2.5),1,248
171.03518833006908,171.86734774153882,0.8321594114697561,0.1805594405594405,0.0,0.0,804,HC-MARL-Phase2(lambda=2.5),1,249
162.68888200055514,164.6570599627832,1.9681779622280633,0.3322810348920009,0.3229166666666667,0.16666666666666666,809,HC-MARL-Phase2(lambda=2.5),2,0
180.42409613599986,181.73191350979403,1.307817373794171,0.1833039817877239,0.3229166666666667,0.16666666666666666,814,HC-MARL-Phase2(lambda=2.5),2,1
160.44578229294748,162.23791838278677,1.7921360898392793,0.3502169150809673,0.3125,0.3333333333333333,795,HC-MARL-Phase2(lambda=2.5),2,2
153.00975847820897,153.99025709340802,0.9804986151990559,0.13572580495671682,0.3229166666666667,0.3333333333333333,788,HC-MARL-Phase2(lambda=2.5),2,3
154.66780425180866,155.60406080424852,0.936256552439863,0.1484995862100239,0.3125,0.16666666666666666,758,HC-MARL-Phase2(lambda=2.5),2,4
153.07319318333163,155.2281941333147,2.155000949983084,0.3020799862905126,0.375,0.5,776,HC-MARL-Phase2(lambda=2.5),2,5
173.09336132726276,175.54360630923566,2.4502449819729115,0.3684665446410412,0.4583333333333333,0.5,801,HC-MARL-Phase2(lambda=2.5),2,6
156.3142713384321,157.6922699392254,1.3779986007933076,0.22538461538461546,0.4375,0.16666666666666666,798,HC-MARL-Phase2(lambda=2.5),2,7
160.4765934929834,161.77210898578545,1.2955154928020507,0.15572695035460993,0.16666666666666666,0.16666666666666666,772,HC-MARL-Phase2(lambda=2.5),2,8
170.27639431935452,171.79678695809685,1.5203926387423272,0.17237654320987655,0.2916666666666667,0.16666666666666666,768,HC-MARL-Phase2(lambda=2.5),2,9
167.8209388304609,169.2887311022904,1.4677922718295087,0.26128978503582734,0.2916666666666667,0.3333333333333333,783,HC-MARL-Phase2(lambda=2.5),2,10
163.4074944418846,165.40365932029792,1.9961648784133108,0.35153445693774216,0.21875,0.16666666666666666,785,HC-MARL-Phase2(lambda=2.5),2,11
158.51908465345167,159.58453712438242,1.0654524709307502,0.23852040816326525,0.17708333333333334,0.0,746,HC-MARL-Phase2(lambda=2.5),2,12
166.8570227033169,168.2564341347507,1.3994114314338166,0.23326898326898327,0.3541666666666667,0.0,808,HC-MARL-Phase2(lambda=2.5),2,13
177.64830986643867,179.3257753987069,1.6774655322682221,0.16725763082469047,0.22916666666666666,0.0,828,HC-MARL-Phase2(lambda=2.5),2,14
168.38809039962433,170.0512646834309,1.663174283806559,0.23031264692054532,0.1875,0.16666666666666666,768,HC-MARL-Phase2(lambda=2.5),2,15
169.58769564020128,170.37066678634403,0.7829711461427581,0.1314541142127349,0.14583333333333334,0.0,806,HC-MARL-Phase2(lambda=2.5),2,16
171.30833024925715,173.33076588424805,2.0224356349908987,0.2858341415354301,0.4166666666666667,0.16666666666666666,786,HC-MARL-Phase2(lambda=2.5),2,17
168.9946258194984,170.26703653866772,1.2724107191693261,0.22229760289461775,0.22916666666666666,0.0,783,HC-MARL-Phase2(lambda=2.5),2,18
172.04509650458286,172.90070775608115,0.8556112514982889,0.2496030729833547,0.4479166666666667,0.16666666666666666,823,HC-MARL-Phase2(lambda=2.5),2,19
168.39128458785905,168.72949610039956,0.3382115125405072,0.06510350654837349,0.5104166666666666,0.5,859,HC-MARL-Phase2(lambda=2.5),2,20
169.72635436004373,171.79773836187672,2.071384001833,0.2683927560837577,0.4583333333333333,0.16666666666666666,796,HC-MARL-Phase2(lambda=2.5),2,21
162.4928157147463,163.84599776083914,1.3531820460928308,0.24319696691738524,0.375,0.16666666666666666,771,HC-MARL-Phase2(lambda=2.5),2,22
169.0352882079544,170.97605087223837,1.940762664283975,0.2647781471310884,0.3854166666666667,0.16666666666666666,810,HC-MARL-Phase2(lambda=2.5),2,23
169.33658991909286,170.72566471110585,1.3890747920129944,0.20499018616546716,0.11458333333333333,0.0,796,HC-MARL-Phase2(lambda=2.5),2,24
176.00598267335246,177.83117498888166,1.8251923155291854,0.25521424883840993,0.40625,0.16666666666666666,811,HC-MARL-Phase2(lambda=2.5),2,25
173.7675333435254,176.12028162978217,2.3527482862567624,0.3431290699615963,0.3333333333333333,0.16666666666666666,801,HC-MARL-Phase2(lambda=2.5),2,26
169.30011008764873,171.0528217905208,1.7527117028720736,0.34523809523809523,0.375,0.0,803,HC-MARL-Phase2(lambda=2.5),2,27
172.80251020425501,173.94084741883498,1.138337214579952,0.15849202445365757,0.14583333333333334,0.0,850,HC-MARL-Phase2(lambda=2.5),2,28
171.6577078373292,172.12151224932327,0.4638044119940485,0.07797558060109289,0.2916666666666667,0.0,780,HC-MARL-Phase2(lambda=2.5),2,29
177.03639565669076,178.67957747984912,1.6431818231583657,0.16166313476179273,0.3854166666666667,0.16666666666666666,816,HC-MARL-Phase2(lambda=2.5),2,30
166.75803295784385,167.93962601532448,1.1815930574806168,0.28250912557252794,0.13541666666666666,0.0,775,HC-MARL-Phase2(lambda=2.5),2,31
173.96467338897367,175.36747970253,1.4028063135563518,0.2399873856827499,0.3854166666666667,0.16666666666666666,789,HC-MARL-Phase2(lambda=2.5),2,32
168.46165753476788,169.8328518948372,1.3711943600693144,0.15838335892782351,0.11458333333333333,0.0,771,HC-MARL-Phase2(lambda=2.5),2,33
165.85148190354826,167.70760687777135,1.8561249742230947,0.35577298238242444,0.28125,0.0,762,HC-MARL-Phase2(lambda=2.5),2,34
166.7486419497056,167.76931536600648,1.0206734163008946,0.17568370377957598,0.1875,0.16666666666666666,795,HC-MARL-Phase2(lambda=2.5),2,35
174.2264885516371,175.8088914336438,1.582402882006704,0.20984393757503,0.3229166666666667,0.0,768,HC-MARL-Phase2(lambda=2.5),2,36
169.60322730895996,170.77749655981276,1.1742692508528152,0.21724537876042044,0.3125,0.0,795,HC-MARL-Phase2(lambda=2.5),2,37
162.19567850505894,164.20838518043726,2.0127066753783214,0.2441568256967407,0.4166666666666667,0.3333333333333333,798,HC-MARL-Phase2(lambda=2.5),2,38
168.31447376469103,168.9294280783716,0.6149543136805441,0.09239373601789713,0.125,0.0,790,HC-MARL-Phase2(lambda=2.5),2,39
165.99087003939374,167.90274601494994,1.911875975556196,0.3510210559729129,0.09375,0.0,769,HC-MARL-Phase2(lambda=2.5),2,40
172.59045723173853,174.0577589459904,1.4673017142518816,0.24760536398467425,0.375,0.0,817,HC-MARL-Phase2(lambda=2.5),2,41
173.64270919426409,176.0581416736428,2.4154324793787345,0.35361567635903923,0.3229166666666667,0.16666666666666666,816,HC-MARL-Phase2(lambda=2.5),2,42
161.90162411019796,162.787620129054,0.8859960188560594,0.10984647536371678,0.13541666666666666,0.0,761,HC-MARL-Phase2(lambda=2.5),2,43
162.85396874048877,163.7190308506853,0.8650621101965374,0.1274713467048711,0.15625,0.0,738,HC-MARL-Phase2(lambda=2.5),2,44
162.42254833890183,163.7225500888001,1.3000017498982597,0.24656687619650586,0.041666666666666664,0.0,752,HC-MARL-Phase2(lambda=2.5),2,45
162.46070713700917,164.93061961092312,2.469912473913963,0.4772320307924024,0.28125,0.16666666666666666,793,HC-MARL-Phase2(lambda=2.5),2,46
163.1255427734053,164.4416243927642,1.3160816193588833,0.2015136457457381,0.23958333333333334,0.0,792,HC-MARL-Phase2(lambda=2.5),2,47
174.5912172595695,176.22996784876892,1.6387505891994172,0.4160017023087562,0.3645833333333333,0.5,787,HC-MARL-Phase2(lambda=2.5),2,48
162.81886009397368,163.91367610094585,1.094816006972155,0.1425150689455867,0.3333333333333333,0.16666666666666666,764,HC-MARL-Phase2(lambda=2.5),2,49
157.65135356924415,158.7635313526343,1.1121777833901267,0.1398601398601399,0.17708333333333334,0.0,737,HC-MARL-Phase2(lambda=2.5),2,50
170.27469545054484,171.99337039529968,1.718674944754846,0.2774782869122492,0.2916666666666667,0.0,786,HC-MARL-Phase2(lambda=2.5),2,51
163.06195607804327,164.71567659464716,1.653720516603906,0.2902777777777778,0.2604166666666667,0.0,768,HC-MARL-Phase2(lambda=2.5),2,52
172.32810257150697,173.61416892384509,1.2860663523381226,0.25289920536883054,0.22916666666666666,0.0,777,HC-MARL-Phase2(lambda=2.5),2,53
171.04040748554092,172.54320255058838,1.5027950650474498,0.2473474801061008,0.3125,0.16666666666666666,782,HC-MARL-Phase2(lambda=2.5),2,54
172.4153908914873,172.68190391279768,0.26651302131037113,0.06920434397163122,0.3125,0.16666666666666666,827,HC-MARL-Phase2(lambda=2.5),2,55
181.69471583020385,183.52431172091576,1.829595890711917,0.44069930069930063,0.4791666666666667,0.5,802,HC-MARL-Phase2(lambda=2.5),2,56
167.85423242968255,169.1417197071411,1.2874872774585613,0.18490116454676647,0.2604166666666667,0.0,794,HC-MARL-Phase2(lambda=2.5),2,57
175.48074596765147,177.6170762974213,2.1363303297698417,0.3222222222222221,0.5104166666666666,0.5,796,HC-MARL-Phase2(lambda=2.5),2,58
176.77425377224435,178.33688469718538,1.5626309249410348,0.2406444423809082,0.4583333333333333,0.5,814,HC-MARL-Phase2(lambda=2.5),2,59
163.48307393658104,165.8460730218354,2.3629990852543705,0.49756620740862967,0.10416666666666667,0.0,809,HC-MARL-Phase2(lambda=2.5),2,60
172.60543252200367,173.95355872971194,1.3481262077082827,0.21187384044526902,0.3645833333333333,0.0,824,HC-MARL-Phase2(lambda=2.5),2,61
168.75056658535073,170.70439793842579,1.953831353075074,0.24534313725490203,0.3854166666666667,0.3333333333333333,824,HC-MARL-Phase2(lambda=2.5),2,62
163.43656756264534,165.950973566767,2.5144060041216765,0.36345108695652173,0.11458333333333333,0.0,763,HC-MARL-Phase2(lambda=2.5),2,63
169.21411673658196,170.4275969210528,1.2134801844708634,0.16085981512880815,0.0625,0.0,796,HC-MARL-Phase2(lambda=2.5),2,64
166.18256732241733,167.5557762254086,1.373208902991285,0.20671475240159137,0.125,0.0,742,HC-MARL-Phase2(lambda=2.5),2,65
174.14149865534068,175.51892526182974,1.3774266064890424,0.19317640835757732,0.20833333333333334,0.0,814,HC-MARL-Phase2(lambda=2.5),2,66
175.89557466085068,177.88333812437807,1.9877634635273735,0.34526930920432536,0.3958333333333333,0.3333333333333333,801,HC-MARL-Phase2(lambda=2.5),2,67
161.03203434816575,162.64268423419543,1.610649886029683,0.31304222093695777,0.25,0.0,749,HC-MARL-Phase2(lambda=2.5),2,68
169.7688513235661,171.55993591848465,1.7910845949185505,0.24087436332767403,0.3125,0.16666666666666666,794,HC-MARL-Phase2(lambda=2.5),2,69
157.12123584620633,158.00949133254085,0.888255486334521,0.11937377690802348,0.25,0.0,754,HC-MARL-Phase2(lambda=2.5),2,70
166.01153036963368,166.84279673110456,0.8312663614708804,0.12772289608603227,0.10416666666666667,0.0,784,HC-MARL-Phase2(lambda=2.5),2,71
166.5997701530796,168.07393489809127,1.4741647450116802,0.1658263192784396,0.28125,0.0,764,HC-MARL-Phase2(lambda=2.5),2,72
153.216375708754,154.86171253040828,1.645336821654284,0.2961049711053543,0.25,0.0,787,HC-MARL-Phase2(lambda=2.5),2,73
173.5919295194742,174.26475203610462,0.672822516630416,0.12184343434343431,0.4166666666666667,0.0,803,HC-MARL-Phase2(lambda=2.5),2,74
166.28310408574436,168.48716394909695,2.2040598633525903,0.25623621661357515,0.07291666666666667,0.16666666666666666,761,HC-MARL-Phase2(lambda=2.5),2,75
164.29784591466935,166.60461083012635,2.306764915456982,0.3162274618585299,0.40625,0.5,821,HC-MARL-Phase2(lambda=2.5),2,76
172.46280362680594,173.19836372016985,0.7355600933639026,0.15744801990637258,0.34375,0.3333333333333333,797,HC-MARL-Phase2(lambda=2.5),2,77
166.71373913685431,167.90535762895882,1.1916184921045012,0.1405960945529291,0.3645833333333333,0.16666666666666666,747,HC-MARL-Phase2(lambda=2.5),2,78
171.685697194752,172.78565125234243,1.0999540575904114,0.12521588946459417,0.20833333333333334,0.16666666666666666,787,HC-MARL-Phase2(lambda=2.5),2,79
163.94236296613008,165.49666397199283,1.5543010058627424,0.22549019607843135,0.34375,0.0,797,HC-MARL-Phase2(lambda=2.5),2,80
171.95351524247567,172.7969934447218,0.8434782022461239,0.17311302114206678,0.3125,0.0,760,HC-MARL-Phase2(lambda=2.5),2,81
166.30081907780323,167.68430031346364,1.3834812356604032,0.23978841278287266,0.3645833333333333,0.3333333333333333,800,HC-MARL-Phase2(lambda=2.5),2,82
160.70404316571944,163.24775920418497,2.5437160384655337,0.2724716144070982,0.4479166666666667,0.3333333333333333,799,HC-MARL-Phase2(lambda=2.5),2,83
169.73492658773387,170.65586251419273,0.9209359264588645,0.1521411843425895,0.125,0.16666666666666666,791,HC-MARL-Phase2(lambda=2.5),2,84
181.07038729297065,182.31891517834634,1.2485278853757042,0.17717051216843138,0.3958333333333333,0.5,833,HC-MARL-Phase2(lambda=2.5),2,85
166.33128875496953,168.65604905301507,2.324760298045531,0.26919652451567344,0.4375,0.3333333333333333,733,HC-MARL-Phase2(lambda=2.5),2,86
155.80677195462647,157.4539663155472,1.647194360920744,0.19254664970313823,0.20833333333333334,0.0,741,HC-MARL-Phase2(lambda=2.5),2,87
166.93084557332767,169.56962890828083,2.6387833349531546,0.3195592286501378,0.40625,0.3333333333333333,786,HC-MARL-Phase2(lambda=2.5),2,88
156.88728033203338,158.05158082522053,1.1643004931871541,0.18970328789093827,0.17708333333333334,0.0,758,HC-MARL-Phase2(lambda=2.5),2,89
176.17658086053203,177.68339096529246,1.50681010476043,0.3831468984006656,0.2916666666666667,0.0,807,HC-MARL-Phase2(lambda=2.5),2,90
158.1644235113139,159.59087006947303,1.4264465581591093,0.28661962181419565,0.2708333333333333,0.3333333333333333,737,HC-MARL-Phase2(lambda=2.5),2,91
165.9250344010591,166.42575883159674,0.5007244305376389,0.07919640496960084,0.21875,0.0,798,HC-MARL-Phase2(lambda=2.5),2,92
169.08512850625812,170.45977591917023,1.3746474129121158,0.1797092029002329,0.21875,0.16666666666666666,787,HC-MARL-Phase2(lambda=2.5),2,93
157.23143093949417,159.26668759903671,2.0352566595425277,0.3529305473421381,0.14583333333333334,0.0,737,HC-MARL-Phase2(lambda=2.5),2,94
164.2470207996258,167.00692646405886,2.759905664433057,0.35610984725381867,0.23958333333333334,0.16666666666666666,763,HC-MARL-Phase2(lambda=2.5),2,95
168.80995957309824,169.90053261689295,1.0905730437946934,0.16716494845360824,0.041666666666666664,0.16666666666666666,776,HC-MARL-Phase2(lambda=2.5),2,96
171.8037639243313,173.5110794842413,1.7073155599099983,0.2628374335691409,0.3229166666666667,0.3333333333333333,775,HC-MARL-Phase2(lambda=2.5),2,97
165.821761613033,167.7371752775089,1.915413664475904,0.3108052868238179,0.3645833333333333,0.3333333333333333,763,HC-MARL-Phase2(lambda=2.5),2,98
163.30150391727858,164.48013635117525,1.1786324338966783,0.19952900877756363,0.16666666666666666,0.16666666666666666,740,HC-MARL-Phase2(lambda=2.5),2,99
161.95418443339364,163.8142039053997,1.8600194720060554,0.3544522396114409,0.15625,0.0,774,HC-MARL-Phase2(lambda=2.5),2,100
165.41304769702663,166.58197622703233,1.1689285300057124,0.1871479774705581,0.15625,0.0,792,HC-MARL-Phase2(lambda=2.5),2,101
172.51437900151564,173.6777043789544,1.163325377438761,0.15645699614890884,0.2708333333333333,0.0,798,HC-MARL-Phase2(lambda=2.5),2,102
169.05439151409928,170.20209027749854,1.147698763399251,0.13862115127175373,0.16666666666666666,0.16666666666666666,799,HC-MARL-Phase2(lambda=2.5),2,103
171.14832950691408,172.10416296122168,0.9558334543075986,0.10611895592640136,0.052083333333333336,0.0,783,HC-MARL-Phase2(lambda=2.5),2,104
172.68835076090346,174.2300615520101,1.541710791106662,0.19904906984258874,0.22916666666666666,0.16666666666666666,803,HC-MARL-Phase2(lambda=2.5),2,105
158.96365960818696,161.02164271091982,2.0579831027328543,0.36078431372549014,0.3854166666666667,0.3333333333333333,804,HC-MARL-Phase2(lambda=2.5),2,106
170.1587747963502,170.96217737736112,0.8034025810109278,0.17216783216783216,0.25,0.0,747,HC-MARL-Phase2(lambda=2.5),2,107
166.85835671667365,167.58601376972697,0.7276570530533156,0.1735029057525478,0.16666666666666666,0.0,809,HC-MARL-Phase2(lambda=2.5),2,108
167.61570588017102,169.30084062717924,1.6851347470082103,0.2260283687943263,0.4166666666666667,0.3333333333333333,869,HC-MARL-Phase2(lambda=2.5),2,109
164.40816742598435,166.4191307750975,2.0109633491131436,0.2928571428571428,0.375,0.3333333333333333,810,HC-MARL-Phase2(lambda=2.5),2,110
164.78095385511796,166.0788872745761,1.2979334194581384,0.19102020896648103,0.125,0.0,768,HC-MARL-Phase2(lambda=2.5),2,111
174.0787010535024,175.69106342122788,1.6123623677254746,0.21912202380952378,0.40625,0.16666666666666666,799,HC-MARL-Phase2(lambda=2.5),2,112
166.18882990066214,166.84819160500663,0.6593617043444978,0.1851467559622066,0.14583333333333334,0.0,733,HC-MARL-Phase2(lambda=2.5),2,113
158.90371958900994,160.0947515393105,1.1910319503005504,0.2532323679864663,0.041666666666666664,0.0,706,HC-MARL-Phase2(lambda=2.5),2,114
167.46720720982032,168.54224112896898,1.0750339191486527,0.21057845957174814,0.19791666666666666,0.0,784,HC-MARL-Phase2(lambda=2.5),2,115
165.9320177406431,166.6144377273054,0.682419986662294,0.1110568031704095,0.3229166666666667,0.3333333333333333,797,HC-MARL-Phase2(lambda=2.5),2,116
169.43135505839015,171.0897173485699,1.65836229017976,0.22580932580932578,0.3020833333333333,0.16666666666666666,817,HC-MARL-Phase2(lambda=2.5),2,117
174.679283480973,175.31745990170168,0.6381764207286948,0.11843457799244539,0.3229166666666667,0.16666666666666666,824,HC-MARL-Phase2(lambda=2.5),2,118
171.25778686112037,174.0168658560315,2.759078994911148,0.4986832030559786,0.16666666666666666,0.0,799,HC-MARL-Phase2(lambda=2.5),2,119
168.44858392585715,169.80446455260414,1.355880626746988,0.21614765931119811,0.3020833333333333,0.0,782,HC-MARL-Phase2(lambda=2.5),2,120
172.08381226579277,174.05067562296665,1.9668633571738816,0.2411311914323962,0.25,0.16666666666666666,782,HC-MARL-Phase2(lambda=2.5),2,121
173.62257353347394,174.8015196222585,1.1789460887845602,0.2078350012204051,0.46875,0.5,797,HC-MARL-Phase2(lambda=2.5),2,122
162.4601587850777,164.07976176321964,1.6196029781419172,0.24689096693338478,0.14583333333333334,0.0,788,HC-MARL-Phase2(lambda=2.5),2,123
172.0838832393297,173.86570226877376,1.7818190294440641,0.21091331269349844,0.3645833333333333,0.16666666666666666,797,HC-MARL-Phase2(lambda=2.5),2,124
166.2583730443708,169.21736763399815,2.958994589627334,0.39583937744253117,0.3958333333333333,0.16666666666666666,813,HC-MARL-Phase2(lambda=2.5),2,125
173.38075358511625,175.5271921332814,2.146438548165137,0.41339933993399336,0.5,0.3333333333333333,796,HC-MARL-Phase2(lambda=2.5),2,126
165.5496581601443,167.0396400744583,1.4899819143140094,0.3016231658226204,0.34375,0.16666666666666666,810,HC-MARL-Phase2(lambda=2.5),2,127
175.47201428299226,176.4644293125176,0.9924150295253567,0.21401128871602715,0.2708333333333333,0.0,750,HC-MARL-Phase2(lambda=2.5),2,128
173.19922825383674,174.8114110360835,1.6121827822467778,0.4167808219178082,0.4270833333333333,0.3333333333333333,826,HC-MARL-Phase2(lambda=2.5),2,129
161.9286216219651,163.0504323510167,1.1218107290515864,0.16622103386809273,0.23958333333333334,0.0,767,HC-MARL-Phase2(lambda=2.5),2,130
169.21534822035613,169.89477725705663,0.6794290367005049,0.1261029645146956,0.15625,0.16666666666666666,757,HC-MARL-Phase2(lambda=2.5),2,131
166.71473598045662,168.04079507397324,1.3260590935166272,0.24209344115004483,0.3229166666666667,0.16666666666666666,797,HC-MARL-Phase2(lambda=2.5),2,132
165.90915841826492,166.57009124862063,0.6609328303557122,0.07318179755909443,0.010416666666666666,0.0,731,HC-MARL-Phase2(lambda=2.5),2,133
166.37821343469534,167.0019218365298,0.6237084018344518,0.0971691352126135,0.23958333333333334,0.0,776,HC-MARL-Phase2(lambda=2.5),2,134
170.5179705454287,170.9630326536209,0.4450621081922034,0.06144725177304966,0.052083333333333336,0.0,779,HC-MARL-Phase2(lambda=2.5),2,135
170.63473166225236,172.38214620874757,1.7474145464952187,0.35552100998680985,0.4166666666666667,0.3333333333333333,817,HC-MARL-Phase2(lambda=2.5),2,136
171.7040542627873,173.6500012528321,1.9459469900448072,0.2672322375397667,0.11458333333333333,0.16666666666666666,740,HC-MARL-Phase2(lambda=2.5),2,137
172.7426108568825,174.5041516595289,1.7615408026463948,0.2591461571022555,0.2916666666666667,0.16666666666666666,776,HC-MARL-Phase2(lambda=2.5),2,138
166.11890634964197,167.9135637526388,1.7946574029968247,0.27162718116044826,0.3020833333333333,0.0,790,HC-MARL-Phase2(lambda=2.5),2,139
161.60502519253816,164.15409004802385,2.549064855485682,0.46234594830406806,0.25,0.16666666666666666,717,HC-MARL-Phase2(lambda=2.5),2,140
160.36590577858718,161.34845534933376,0.9825495707465765,0.2166818688557819,0.4166666666666667,0.16666666666666666,821,HC-MARL-Phase2(lambda=2.5),2,141
172.3339536979328,173.11242067981038,0.7784669818775914,0.10182739032235982,0.3125,0.16666666666666666,804,HC-MARL-Phase2(lambda=2.5),2,142
173.32741849253367,174.4583778022205,1.1309593096868211,0.20207570207570213,0.2708333333333333,0.16666666666666666,802,HC-MARL-Phase2(lambda=2.5),2,143
168.68372747309476,169.7789678162395,1.0952403431447206,0.18539404065719856,0.14583333333333334,0.0,771,HC-MARL-Phase2(lambda=2.5),2,144
168.65760024476438,170.77820436916036,2.1206041243959888,0.29979614371867835,0.13541666666666666,0.16666666666666666,787,HC-MARL-Phase2(lambda=2.5),2,145
168.7304077912241,169.62458987907522,0.8941820878510951,0.12968363136176064,0.17708333333333334,0.0,774,HC-MARL-Phase2(lambda=2.5),2,146
168.1610316357211,170.0793555193783,1.918323883657229,0.2506858991040559,0.3645833333333333,0.3333333333333333,791,HC-MARL-Phase2(lambda=2.5),2,147
163.2445463770194,164.6148327926541,1.3702864156347356,0.2825024901579472,0.28125,0.16666666666666666,746,HC-MARL-Phase2(lambda=2.5),2,148
168.59123177189434,169.66201329307947,1.0707815211851155,0.23316529229125632,0.13541666666666666,0.0,805,HC-MARL-Phase2(lambda=2.5),2,149
164.7667426190133,165.73003339131623,0.963290772302908,0.17068175417936043,0.1875,0.0,754,HC-MARL-Phase2(lambda=2.5),2,150
171.8637961436901,173.3942289010402,1.530432757350093,0.27186694674838124,0.4895833333333333,0.5,829,HC-MARL-Phase2(lambda=2.5),2,151
163.95842511456385,166.49701303619844,2.538587921634595,0.31681150734192387,0.125,0.0,761,HC-MARL-Phase2(lambda=2.5),2,152
159.8225318420034,161.13673244239422,1.3142006003908295,0.2654063586768414,0.041666666666666664,0.0,758,HC-MARL-Phase2(lambda=2.5),2,153
174.81724771707687,176.24075591225937,1.4235081951825104,0.1604083360775274,0.34375,0.0,790,HC-MARL-Phase2(lambda=2.5),2,154
173.0191386504561,173.87478959436078,0.855650943904665,0.10937597290195644,0.4166666666666667,0.16666666666666666,830,HC-MARL-Phase2(lambda=2.5),2,155
169.4973855427966,170.29120253653994,0.7938169937433484,0.18774445893089953,0.3229166666666667,0.3333333333333333,835,HC-MARL-Phase2(lambda=2.5),2,156
162.5261293377124,163.82176018625856,1.295630848546156,0.3267431453909365,0.25,0.16666666666666666,762,HC-MARL-Phase2(lambda=2.5),2,157
168.86630766094703,170.24438548422677,1.378077823279737,0.22010433386837885,0.3125,0.16666666666666666,753,HC-MARL-Phase2(lambda=2.5),2,158
168.9386626507433,170.68001111541014,1.7413484646668278,0.2887881896944824,0.2708333333333333,0.16666666666666666,737,HC-MARL-Phase2(lambda=2.5),2,159
171.60292133488352,173.3143548670168,1.7114335321332836,0.2707458050059837,0.28125,0.0,801,HC-MARL-Phase2(lambda=2.5),2,160
171.92750745545723,173.42576979889958,1.4982623434423474,0.20583355350066052,0.3229166666666667,0.0,773,HC-MARL-Phase2(lambda=2.5),2,161
160.0331586578377,161.5388229050361,1.5056642471984063,0.2375224374664895,0.10416666666666667,0.0,743,HC-MARL-Phase2(lambda=2.5),2,162
168.42169309026616,169.7892044668438,1.3675113765776463,0.277137627473198,0.11458333333333333,0.0,776,HC-MARL-Phase2(lambda=2.5),2,163
164.96179305066093,165.94587288776515,0.9840798371042303,0.12716985984312723,0.21875,0.16666666666666666,764,HC-MARL-Phase2(lambda=2.5),2,164
169.5348681722724,170.24318469499195,0.7083165227195354,0.12865511971472238,0.28125,0.0,770,HC-MARL-Phase2(lambda=2.5),2,165
165.9883217925524,167.3685174221203,1.3801956295678952,0.26622746185852986,0.13541666666666666,0.0,751,HC-MARL-Phase2(lambda=2.5),2,166
160.56061632324634,162.03885894742524,1.4782426241789097,0.3672200635817732,0.13541666666666666,0.0,773,HC-MARL-Phase2(lambda=2.5),2,167
168.07438612634726,169.31496713769553,1.2405810113482816,0.23872730070791015,0.28125,0.16666666666666666,773,HC-MARL-Phase2(lambda=2.5),2,168
172.37516907612508,173.5330925773573,1.157923501232236,0.15821646889608054,0.15625,0.0,758,HC-MARL-Phase2(lambda=2.5),2,169
166.15387188130413,167.24700892867878,1.0931370473746633,0.16743697478991598,0.3020833333333333,0.16666666666666666,804,HC-MARL-Phase2(lambda=2.5),2,170
169.2724283575951,170.31670915685626,1.0442807992611705,0.25067592707429,0.21875,0.16666666666666666,758,HC-MARL-Phase2(lambda=2.5),2,171
171.12803323473128,172.05110358458683,0.9230703498555357,0.12005475900938622,0.3645833333333333,0.16666666666666666,768,HC-MARL-Phase2(lambda=2.5),2,172
172.29145104676007,173.1601383360175,0.8686872892574256,0.11430929536779122,0.20833333333333334,0.16666666666666666,771,HC-MARL-Phase2(lambda=2.5),2,173
169.13111240427847,169.72021276092704,0.5891003566485626,0.0849062799647975,0.4583333333333333,0.16666666666666666,819,HC-MARL-Phase2(lambda=2.5),2,174
165.75150084689295,167.18602820151574,1.4345273546227735,0.23923428170003513,0.2708333333333333,0.0,780,HC-MARL-Phase2(lambda=2.5),2,175
165.92236732848775,167.0802201657932,1.1578528373054644,0.16391184573002748,0.3541666666666667,0.16666666666666666,788,HC-MARL-Phase2(lambda=2.5),2,176
169.0438106841832,169.93642115674433,0.8926104725611334,0.12160202972091338,0.19791666666666666,0.16666666666666666,764,HC-MARL-Phase2(lambda=2.5),2,177
167.65446030126628,168.037205197231,0.3827448959647227,0.06113189759302362,0.23958333333333334,0.0,810,HC-MARL-Phase2(lambda=2.5),2,178
160.52956765466834,162.87652790836614,2.3469602536978034,0.4992764109985528,0.10416666666666667,0.0,707,HC-MARL-Phase2(lambda=2.5),2,179
175.3208985959607,176.93485417360424,1.613955577643551,0.23952380952380958,0.20833333333333334,0.16666666666666666,798,HC-MARL-Phase2(lambda=2.5),2,180
176.85928312244985,178.01212222546977,1.1528391030199256,0.15520945220193344,0.2916666666666667,0.0,802,HC-MARL-Phase2(lambda=2.5),2,181
164.06579407334044,165.15546123973624,1.0896671663957949,0.19395448079658606,0.3229166666666667,0.16666666666666666,844,HC-MARL-Phase2(lambda=2.5),2,182
162.70896257559778,163.24649318818444,0.537530612586659,0.07827926657263751,0.010416666666666666,0.0,739,HC-MARL-Phase2(lambda=2.5),2,183
168.97871833655233,169.9138863505775,0.9351680140251727,0.11634047840944395,0.28125,0.0,802,HC-MARL-Phase2(lambda=2.5),2,184
174.59467705607534,175.50020807301573,0.9055310169403898,0.11330098681210438,0.46875,0.16666666666666666,792,HC-MARL-Phase2(lambda=2.5),2,185
170.36160996301967,172.17625395996328,1.8146439969436068,0.22384751773049644,0.3333333333333333,0.0,781,HC-MARL-Phase2(lambda=2.5),2,186
164.4150257629278,165.9239678386641,1.5089420757363081,0.275456847203875,0.3333333333333333,0.0,833,HC-MARL-Phase2(lambda=2.5),2,187
166.42501710857144,167.41517137467795,0.9901542661065089,0.20023653195220423,0.1875,0.0,809,HC-MARL-Phase2(lambda=2.5),2,188
178.4350191065807,180.1368740540935,1.7018549475127887,0.30604395604395607,0.3229166666666667,0.16666666666666666,807,HC-MARL-Phase2(lambda=2.5),2,189
168.01686076963662,169.07166216330117,1.0548013936645442,0.24411517444304337,0.2604166666666667,0.0,775,HC-MARL-Phase2(lambda=2.5),2,190
157.82621293469845,158.81483619649444,0.9886232617959928,0.20411470443176216,0.40625,0.16666666666666666,792,HC-MARL-Phase2(lambda=2.5),2,191
169.22872660911693,171.22564201729642,1.9969154081794933,0.307177033492823,0.16666666666666666,0.0,791,HC-MARL-Phase2(lambda=2.5),2,192
173.96680733217693,174.9589728735317,0.9921655413547797,0.29321957790749886,0.17708333333333334,0.16666666666666666,796,HC-MARL-Phase2(lambda=2.5),2,193
177.4506718769187,178.97729279256177,1.5266209156430528,0.2791828793774319,0.3125,0.0,812,HC-MARL-Phase2(lambda=2.5),2,194
170.15719816294404,170.90779612436933,0.7505979614252879,0.14281370803109933,0.125,0.0,784,HC-MARL-Phase2(lambda=2.5),2,195
172.88934498954694,174.26350357545792,1.374158585910984,0.15224087478823345,0.15625,0.0,808,HC-MARL-Phase2(lambda=2.5),2,196
171.43403719355993,172.66446117113887,1.230423977578938,0.13900704314647672,0.4791666666666667,0.3333333333333333,776,HC-MARL-Phase2(lambda=2.5),2,197
175.01872679279916,175.58852171736075,0.5697949245616005,0.09625175003181874,0.3020833333333333,0.0,789,HC-MARL-Phase2(lambda=2.5),2,198
163.0970113545818,164.42136060040298,1.3243492458211574,0.2076220160090671,0.28125,0.16666666666666666,803,HC-MARL-Phase2(lambda=2.5),2,199
170.59728038558637,171.47718409686289,0.8799037112765006,0.193368700265252,0.4791666666666667,0.16666666666666666,800,HC-MARL-Phase2(lambda=2.5),2,200
167.52739496770297,169.1558521539147,1.6284571862117325,0.3278141296044109,0.25,0.0,820,HC-MARL-Phase2(lambda=2.5),2,201
169.81046944978664,170.35406732156736,0.543597871780706,0.09748757466599789,0.07291666666666667,0.16666666666666666,768,HC-MARL-Phase2(lambda=2.5),2,202
163.71349209650037,164.9495254556245,1.236033359124127,0.16411741808439995,0.11458333333333333,0.0,782,HC-MARL-Phase2(lambda=2.5),2,203
164.149680641356,164.89964659651605,0.7499659551600397,0.1069491662619394,0.2604166666666667,0.16666666666666666,761,HC-MARL-Phase2(lambda=2.5),2,204
171.28805754122894,172.91482527384034,1.6267677326113859,0.2597296494355318,0.2916666666666667,0.16666666666666666,799,HC-MARL-Phase2(lambda=2.5),2,205
161.8572640253958,162.852391878847,0.9951278534511838,0.23548387096774193,0.3020833333333333,0.0,815,HC-MARL-Phase2(lambda=2.5),2,206
177.28765725751654,178.0892209751033,0.8015637175867691,0.1507723804206217,0.21875,0.16666666666666666,840,HC-MARL-Phase2(lambda=2.5),2,207
177.5325274686964,178.2042124479689,0.6716849792724942,0.08782657031684271,0.17708333333333334,0.0,824,HC-MARL-Phase2(lambda=2.5),2,208
170.06150258061624,171.40490238128373,1.3433998006674859,0.2114217227531675,0.16666666666666666,0.16666666666666666,778,HC-MARL-Phase2(lambda=2.5),2,209
161.9729376354104,163.3857649252619,1.4128272898514944,0.16009358288770048,0.5208333333333334,0.5,861,HC-MARL-Phase2(lambda=2.5),2,210
174.6114301648766,176.47482345904126,1.8633932941646743,0.29976112438197877,0.3229166666666667,0.16666666666666666,820,HC-MARL-Phase2(lambda=2.5),2,211
167.06170964144547,169.28795781209675,2.2262481706512864,0.40190357310032765,0.13541666666666666,0.0,784,HC-MARL-Phase2(lambda=2.5),2,212
175.16758459592572,177.0183065911164,1.8507219951906912,0.3344437424616621,0.3645833333333333,0.16666666666666666,813,HC-MARL-Phase2(lambda=2.5),2,213
167.249996536765,168.82595841314685,1.5759618763818597,0.25155374426897603,0.3125,0.16666666666666666,785,HC-MARL-Phase2(lambda=2.5),2,214
168.07928684372237,169.45261852118463,1.3733316774622577,0.22981522394055032,0.14583333333333334,0.0,779,HC-MARL-Phase2(lambda=2.5),2,215
170.4194853033323,171.69731670698584,1.2778314036535647,0.19665348901351476,0.041666666666666664,0.0,765,HC-MARL-Phase2(lambda=2.5),2,216
170.86770573885906,172.52662152239745,1.658915783538382,0.2635829822531707,0.21875,0.0,831,HC-MARL-Phase2(lambda=2.5),2,217
164.9036495327449,165.87772146154498,0.974071928800076,0.19841269841269848,0.13541666666666666,0.0,777,HC-MARL-Phase2(lambda=2.5),2,218
160.6679801615009,162.3609180439444,1.69293788244349,0.25166191832858503,0.15625,0.0,743,HC-MARL-Phase2(lambda=2.5),2,219
166.30876359016884,168.31247464953353,2.003711059364678,0.2969945355191257,0.1875,0.16666666666666666,766,HC-MARL-Phase2(lambda=2.5),2,220
166.57812386679484,167.7356945776102,1.1575707108153435,0.16103896103896104,0.25,0.0,807,HC-MARL-Phase2(lambda=2.5),2,221
169.11279001723068,170.849516128936,1.7367261117053054,0.24641939837186022,0.40625,0.3333333333333333,800,HC-MARL-Phase2(lambda=2.5),2,222
172.2593333246219,173.99772428374405,1.738390959122142,0.2764616641381725,0.4270833333333333,0.16666666666666666,821,HC-MARL-Phase2(lambda=2.5),2,223
172.4740889631864,174.27518317617358,1.8010942129871914,0.20757751764811017,0.4791666666666667,0.6666666666666666,847,HC-MARL-Phase2(lambda=2.5),2,224
161.04989626697727,163.24215283595606,2.1922565689787867,0.3656322608592919,0.375,0.0,787,HC-MARL-Phase2(lambda=2.5),2,225
170.07203726531924,171.19277643924704,1.1207391739278134,0.17724196277495768,0.125,0.0,831,HC-MARL-Phase2(lambda=2.5),2,226
161.89398377595646,163.24760631933424,1.3536225433777782,0.18811881188118812,0.2604166666666667,0.16666666666666666,738,HC-MARL-Phase2(lambda=2.5),2,227
170.84625174197183,171.99885845943697,1.152606717465144,0.20457555376665193,0.3958333333333333,0.0,814,HC-MARL-Phase2(lambda=2.5),2,228
164.23323346768026,166.55656561628038,2.323332148600107,0.3846365855579179,0.3854166666666667,0.3333333333333333,807,HC-MARL-Phase2(lambda=2.5),2,229
175.9162194285473,176.90841932113892,0.99219989259163,0.1644959678606982,0.4479166666666667,0.5,883,HC-MARL-Phase2(lambda=2.5),2,230
160.7293793828679,162.5092416222409,1.7798622393729921,0.3317619730819157,0.09375,0.0,733,HC-MARL-Phase2(lambda=2.5),2,231
168.95533148310057,169.44582388608129,0.4904924029807072,0.06747067534598294,0.2604166666666667,0.0,737,HC-MARL-Phase2(lambda=2.5),2,232
152.38516671188145,153.38391165830217,0.9987449464207033,0.14790823211875848,0.11458333333333333,0.0,728,HC-MARL-Phase2(lambda=2.5),2,233
165.87752230792475,167.04313376982495,1.1656114619001907,0.14059573301658368,0.21875,0.16666666666666666,777,HC-MARL-Phase2(lambda=2.5),2,234
157.9567470014397,159.25700014510775,1.3002531436680334,0.18551185656448815,0.09375,0.0,780,HC-MARL-Phase2(lambda=2.5),2,235
172.55667101422557,175.19420184574054,2.6375308315149693,0.42956221860331456,0.3020833333333333,0.0,795,HC-MARL-Phase2(lambda=2.5),2,236
177.50625559585288,178.73605602595194,1.2298004300990646,0.232051282051282,0.21875,0.0,828,HC-MARL-Phase2(lambda=2.5),2,237
167.18739609778163,169.18084679370986,1.9934506959282383,0.3699723921398798,0.4375,0.3333333333333333,810,HC-MARL-Phase2(lambda=2.5),2,238
168.68621848674906,170.03509455796177,1.3488760712127146,0.24725756910925845,0.25,0.16666666666666666,792,HC-MARL-Phase2(lambda=2.5),2,239
161.37513516511584,162.15682265404016,0.7816874889243309,0.13640350877192986,0.25,0.0,786,HC-MARL-Phase2(lambda=2.5),2,240
169.604144675399,171.6266214704198,2.0224767950208,0.3447522816166884,0.25,0.0,794,HC-MARL-Phase2(lambda=2.5),2,241
167.83139362180546,169.31299038066882,1.4815967588633592,0.28887545132681325,0.46875,0.3333333333333333,846,HC-MARL-Phase2(lambda=2.5),2,242
171.17193463522293,172.43990582642803,1.267971191205094,0.22538152610441764,0.34375,0.0,786,HC-MARL-Phase2(lambda=2.5),2,243
174.4280717249485,176.14381538110118,1.7157436561526715,0.19973844812554492,0.25,0.16666666666666666,791,HC-MARL-Phase2(lambda=2.5),2,244
172.93881904969393,174.19475473765146,1.2559356879575212,0.18995386498446476,0.40625,0.16666666666666666,789,HC-MARL-Phase2(lambda=2.5),2,245
172.04486920340847,173.06952158135988,1.0246523779514212,0.16757532837934846,0.08333333333333333,0.16666666666666666,811,HC-MARL-Phase2(lambda=2.5),2,246
158.7006636651055,159.83285089712115,1.1321872320156516,0.16022157190635455,0.16666666666666666,0.0,765,HC-MARL-Phase2(lambda=2.5),2,247
156.87096209712072,159.32974809340976,2.4587859962890355,0.3749308500829799,0.3125,0.0,802,HC-MARL-Phase2(lambda=2.5),2,248
176.36074580543433,176.83860192396185,0.4778561185275081,0.06851847434582448,0.3125,0.16666666666666666,792,HC-MARL-Phase2(lambda=2.5),2,249
